doc_id,permit_num,code,score,tags,name,description,reasons
5849291,22-23361-NEWC,NEWC,232,architectural;commercial_use;interior_scope;permit_cd_set;plans_scope;site_struct,2110 NOLA AC 221111 Foundation Permit Set Arch Stamped.pdf,New Construction of 6 story hotel with meeting rooms and additional 1st floor tenant commercial space. All work to be done as per plans.,filename signal: architectural | filename signal: permit_cd_set | junk words present but overridden by strong plan signal
6159782,23-14384-NEWC,NEWC,230,architectural;commercial_use;permit_cd_set,22155 - Adamick Architecture - 1137 Baronne St - Construction Documents - 01.31.2023.pdf,New Construction of single guest suite hotel structure. Hotel will be operated in combination with a collection of adjacent properties as one hotel made up of several structures. The hotel lobby structure is located at 1200 Baronne - see that permit application for the overall hotel use application.,filename signal: architectural | filename signal: permit_cd_set
7701434,24-34519-RNVN,RNVN,225,architectural;commercial_use;drawing_set;interior_scope,Starbucks at Loyola_Renovation_Arch Drawings.pdf,Renovation of ground floor retail space inside existing building to include a new Starbucks Coffee location. Building is owned by Loyola University (Francis Hall).,filename signal: architectural | filename signal: drawing_set
6685017,24-06282-RNVN,RNVN,205,approved_plans;interior_scope;permit_cd_set,618 Conti Coffee Permit Set 03052024 (RCC stamped).pdf,Build-out of a ground floor Coffee Shop.,filename signal: permit_cd_set | filename signal: approved_plans
7465246,24-21892-RNVN,RNVN,205,approved_plans;interior_scope;permit_cd_set,24022 Jefferson Church Ph1 Mech Permit Set Rev1 07-08-24. (RCC stamped).pdf,"Phase One encompasses work required to make the facilities ready for a new congregation. This includes an overhaul of the mechanical systems serving the Educational Building and Gym/Fellowship Hall including both modified and entirely new systems. In addition to accounting for the power needs of new mechanical systems, the electrical scope includes swapping out existing light fixtures with new fixtures in the same location and providing new lighting and outlets to support services hosted in the Fellowship Hall. Plumbing upgrades include the relocation of an existing laundry room and the addition of two small restrooms in an area prior utilized as storage. Phase One also aims to address the roofing scope campus-wide to ensure watertight buildings before future improvements take place. Beyond system and envelope upgrades, interior finishes in these areas of the building will also be upgraded to avoid any future work requirements to the spaces in later phases of construction.",filename signal: permit_cd_set | filename signal: approved_plans
4755553,20-49199-RNVS,RNVS,202,commercial_use;interior_scope;permit_cd_set;plans_scope;sheet_a,1780 North Broad Street_Construction Documents Sheet A-3_Revised 12-21-20.pdf,"Interior and Exterior Renovations and addition to an existing (1) story residential building and conversion to a 2279 sq ft medical clinic as per plans. Structural work includes a rear and second floor addition. All new Mechanical, Electrical, and Plumbing.",filename signal: permit_cd_set | filename signal: sheet_a
8670118,21-32352-NEWC,NEWC,195,approved_plans;commercial_use;permit_cd_set,316-22 Allen Toussaint_Construction Documents_09-15-25 REVISED SPP RCC STAMPED.pdf,Construction of a new two story mixed-use commercial building. Ground floor to be future retail space and second floor to be occupied by building owner as a professional office. Construction Type V THE PERMIT HAS BEEN REISSUED ON 11-20-2025 AND EXTENDED FROM THAT DATE ON 180 DAYS. IT IS EXTENDED AUTOMOTIALLY FROM EACH INSPECITON DATE FROM THERE,filename signal: permit_cd_set | filename signal: approved_plans
5071264,20-39838-RNVS,RNVS,190,architectural;commercial_use;drawing_set;interior_scope;trade,901 Bartholomew Arch. Drawings and MEP and SP.pdf,"Interior: Complete interior renovation of Non-Structural wood frame partitions at first and second level. Convert 1st level to 7 proposed office rentals and 2nd level converting office space to 5 residential lease spaces. Exterior revisions: 1st level additions of new entry store front conversions, 2nd level remove existing windows with casement windows and revised brick trim per plan. Note: Entire building to be freshly painted.",filename signal: architectural | filename signal: drawing_set | junk words present but overridden by strong plan signal
7250003,23-08653-NEWC,NEWC,180,architectural;permit_cd_set;site_struct,1660 N Roman_Permit set _ARCH Civil Struct Combined_10MAY24_Reduced.pdf,"Construction of a two-story community center utilizing containers. The building will measure approximately 2,032 square feet.",filename signal: architectural | filename signal: permit_cd_set | junk words present but overridden by strong plan signal
7759937,24-36940-RNVS,RNVS,180,approved_plans;permit_cd_set,Richs Wash Dat - Earhart Construction Documents 12-6-2024 (RCC stamped).pdf,Creation of a street exit for an exiting car wash that only has one way in and out for primary circulation. New exit to use existing curb cut. Relocation of a dumpster for direct street access for collection new curb cut.,filename signal: permit_cd_set | filename signal: approved_plans
982082,13-14264-NEWC,NEWC,177,approved_plans;commercial_use;drawing_set;plans_scope,13-14264 APPROVED PLAN SET VOL 2.pdf,Construct new 3-story Elementary School as per plans.,filename signal: approved_plans | filename signal: drawing_set
2406741,16-24142-NEWC,NEWC,177,approved_plans;commercial_use;drawing_set;plans_scope,Approved plans for construction PERMIT Drawings.pdf,Construct a 43647 sq ft 3-story office building as per plans: Ground floor - fitness and office with storage warehouse and covered parking; 2nd and 3rd floor - shell office space OK for Temporary Occupancy for 30 days until 1\22\2017 Extend TCO until 3/30/2018,filename signal: approved_plans | filename signal: drawing_set
5294204,21-12559-RNVS,RNVS,165,approved_plans;interior_scope;sheet_a,A1.0 (RCC stamped).pdf,"Renovation. Scope of work to inlcude demo, roof flashing, framing, siding, trim, insulation, doors and windows, kitchen and bathroom renovation, mechanical, plumbing fixutres, electrical",filename signal: approved_plans | filename signal: sheet_a
5369937,22-04649-RNVS,RNVS,162,finish;interior_scope;plans_scope,Alphabet - Finish Guide.pdf,Interior remodel to existing food establishment per plans.,filename signal: finish
1978803,15-23598-NEWC,NEWC,160,architectural;commercial_use;interior_scope,ARCH_Foundations Set_20150928.pdf,"Construct 6-story parking structure with ground floor retail, 4 parking levels, and 6th floor commercial shell. 1st floor and 6th floor build out require separate permits.",filename signal: architectural
7447846,24-23757-RNVN,RNVN,160,architectural;commercial_use;interior_scope,Starbucks at Rouses New Orleans State Fire Arch Release.pdf,Renovation of existing coffee bar inside Rouses Market to Starbucks coffee bar,filename signal: architectural
2397736,16-06711-RNVN,NEWC,157,architectural;interior_scope;plans_scope,631 Loyola SFM Architectural Inspection Report -.pdf,"Renovation of partitions, ceilings, electrical and mechanical elements throughout interior of the 16th and 17th floors as per plans.",filename signal: architectural
6550627,23-34276-NEWC,NEWC,155,architectural;commercial_use;sheet_a;site_struct,1-CS-Civil-Arch thru A4.6_12-15-23.pdf,"New construction commercial space - building shell only. 19866 sq ft, 2 stories NOT FOR USE OR OCCUPANCY",filename signal: architectural | filename signal: sheet_a | junk words present but overridden by strong plan signal
1726517,12-26240-NEWC,NEWC,147,architectural;commercial_use;plans_scope,ARCH CERT OF COMP150320084058_0001.pdf,Construct a 5550 sq ft office building for NOPD Mounted Division per plans. Building D. Now designated as Building C as per revised site plan.,filename signal: architectural
3988033,18-04638-RNVS,RNVS,147,architectural;commercial_use;plans_scope,._Stamped Architectural Set 3319 St. Claude Ave..pdf,Construct 500 sqft addition to an existing office as per plans.,filename signal: architectural
4032149,19-15999-NEWC,NEWC,147,floor_layout;plans_scope;sheet_a,14-RISERS _2414 GRAVIER-4 PLEX_SPRINGER-A-2 FLOOR PLANS.pdf,New Construction of a multi family dwelling as per plans,filename signal: floor_layout | filename signal: sheet_a
4898114,21-09850-NEWC,NEWC,147,architectural;commercial_use;plans_scope,1000 Canal - ARC Package - 2021.04.08.pdf,New construction 10-story hotel with ground floor commercial as per plans.,filename signal: architectural
8281166,25-13824-RNVS,RNVS,147,commercial_use;interior_scope;permit_cd_set;plans_scope,RCC - BACKFLOW APPROVED - HDLC Reviewed _250505 - 5724 Magazine St - Permit Set_NLH.pdf,Renovation of existing building with white box commercial space on ground floor and 2 apartments on second floor. All work to be done as per plans.,filename signal: permit_cd_set
4764063,20-04350-RNVS,RNVS,145,architectural;interior_scope,1320 Lowerline - Arch Final Inspection.pdf,Remodel of an existing multi-family Residence,filename signal: architectural
5587590,22-18980-RNVS,RNVS,145,architectural;interior_scope,710 Canal Street - ARC Package 1 - Part I - 2022.06.23.pdf,"Renovation of an existing four story building, including new Canal Street storefront, rear balconies, and roof deck.",filename signal: architectural
7249329,24-14124-RNVN,RNVN,145,architectural;interior_scope,Architecture set_Tulane (RCC).pdf,Tenant Build Out for a new grocery store (INTERIOR BUILDOUT ONLY UNDER THIS PERMIT) (BUILDING WILL BE CONSTRUCTED UNDER 24-01393-NEWC) TEMPORARY CERTIFICATE OF OCCUPANCY (until parking area zoning deficiencies are satisfied) FINAL CERTIFICATE OF OCCUPANCY ISSUED 9-14-25,filename signal: architectural
7830175,25-00995-RNVN,RNVN,145,architectural;interior_scope,2025-01-07 Burlington New Orleans_LA_premit Arch dwgs.pdf,A new Burlington store tenant interior build out combining and converting two previous matt tenant spaces. This project also includes minor interior facade work at the main entrance from the mall.,filename signal: architectural
1381157,14-11290-NEWC,NEWC,140,commercial_use;finish,IW-2.1 Branch Finish Plan Liberty Bank Gentilly 06.30.14.pdf,New construction of a Liberty Bank Branch w/retail space as per City Planning Commission DR 027-14 . Signs require separate permit.,filename signal: finish
4821903,19-70481-NEWC,NEWC,140,commercial_use;finish,1730 Clio - Finish Construction Elevation Cert.pdf,New construction of a two-story 9936 sq ft hotel (R-1) as per plan,filename signal: finish
3302861,16-18097-NEWC,NEWC,137,approved_plans;commercial_use;interior_scope;plans_scope,SFM_ Approved Plan_4221 Old Gentilly.PDF,"Construct single story 11,840 sf retail building as per plans. Each tenant will require a separate build-out and sign permit. UNit A and Unit B.",filename signal: approved_plans
4558827,20-23676-RNVS,RNVS,137,approved_plans;commercial_use;interior_scope;plans_scope,4645 Freret - RCC Stamped.pdf,"Alterations and additions (4955sqft) to existing (9985sqft) retail building for new retail market. Total square footage to be 14940sqft. Scope includes demolition, site work, structural, plumbing and mechanical and electrical work for complete renovation and new addition to all be done as per plans. ***As of 5/3/2021 - No CO until maintenance order from owner***",filename signal: approved_plans
4554663,20-31898-RNVS,RNVS,137,approved_plans;commercial_use;interior_scope;plans_scope,8015 S Maple - RCC Stamped.pdf,Renovation of an existing building into a dentist's office as per plans.,filename signal: approved_plans
4628485,20-35437-RNVS,RNVS,137,approved_plans;commercial_use;interior_scope;plans_scope,1419 Amelia - RCC Stamped.pdf,Renovation of existing one-story medical office building as per plans.,filename signal: approved_plans
6566087,21-21797-RNVS,RNVS,137,approved_plans;commercial_use;interior_scope;plans_scope,2121 Chartres St - HDLC and RCC Stamped.pdf,"Structural renovation of existing building into 53 unit hotel. Project includes pool area and penthouse level. All work to be done as per plans and Conditional Use approval of 72/22. Swimming pool requires a separate permit. Permit extended (2) 180 day periods to May 25, 2027",filename signal: approved_plans
5760069,22-18591-RNVS,RNVS,137,approved_plans;commercial_use;interior_scope;plans_scope,747 St Charles - HDLC and RCC Stamped.pdf,Phase II-Interior build-out of 7-unit hotel with commercial lease space on ground floor to be built as per plans. Phase I permit:22-06494-RNVN; Pool permit 22-06881-POOL,filename signal: approved_plans
6126328,22-19111-RNVS,RNVS,137,approved_plans;commercial_use;interior_scope;plans_scope,838 Canal - HDLC and RCC Stamped.pdf,"Renovation of an existing 3-story masonry commercial building with 2224sf with a 188sf mezzanine. First floor build-out for a new restaurant. Work to include all new mechanical, electrical, and plumbing service, kitchen hood and exhaust, new finishes and modifications of the storefront. Provide a new enclosed stair from first floor to second floor. Join new stair enclosure with the existing stair flight to the third floor. Add new mechanical stair from the third floor to the roof for access to new rooftop mechanical equipment servicing new ground floor restaurant. Second and third floors are to remain vacant and will require separate permit(s) to build out. All work to be done as per plans.",filename signal: approved_plans
6024832,22-23395-RNVS,RNVS,137,approved_plans;commercial_use;interior_scope;plans_scope,1300 OC Haley Blvd Ste B - RCC Stamped.pdf,"Interior build-out of 8,900 sq. ft. clinic on ground floor of mixed use development. All work to be done as per plans. *Address corrected from Ste A to Ste B",filename signal: approved_plans
7820245,24-16471-RNVS,RNVS,137,approved_plans;commercial_use;interior_scope;plans_scope,333 N Diamond St - HDLC and RCC Stamped.pdf,"Change of Use and Renovation: An existing warehouse that will be renovated, structurally modified, and will become an 8 unit group lodging hotel. All work to be done as per plans. NO USE OR OCCUPANCY UNDER THIS TCO",filename signal: approved_plans
8411264,24-16695-NEWC,NEWC,137,approved_plans;commercial_use;interior_scope;plans_scope,1304 Saint Charles - RCC Stamped.pdf,"A NEW CONSTRUCTION 5-STORY, 14,737SF MIXED-USE STRUCTURE, WHICH INCLUDES: WHITE BOX FOR FUTURE RETAIL TENANT, (4) SINGLE FAMILY RESIDENTIAL UNITS, AND A ROOFTOP POOL DECK. ALL WORK TO BE DONE AS PER PLANS. POOL REQUIRES SEPARATE POOL PERMIT *FINAL INSPECTION* Final FEMA elevation certificate +5.2 NAVD. Areas below the BFE of +5.2 NAVD can only be used for storage, parking, or access and must contain compliant flood vents and flood damage-resistant materials FOUNDATION RELEASE ISSUED 12-9-24 *APPROVAL DPW DEFERRED- PROVIDE DOCUMENTATON OF APPROVAL IN ORDER TO OBTAIN STAMPED APPROVED DRAWINGS*",filename signal: approved_plans
8022399,24-29895-RNVS,RNVS,137,approved_plans;commercial_use;interior_scope;plans_scope,905 Royal - VCC and RCC Stamped.pdf,"Interior, structural reno of existing historic hotel building. Configured into 3 separate rental areas (6 bedrooms total). New kitchens and living areas on first floors. New MEP throughout. All work to be done as per plans. **FINAL INSPECTION** NEED UPDATED FEMA SHOWING ELEVATION OF THE LOWEST MACHINERY/ EQUIPMENT SERVICING THE STRUCTURE. VERIFY IT IS ABOVE ELEVATION REQUIREMENT",filename signal: approved_plans
7689814,24-32503-RNVS,RNVS,137,approved_plans;commercial_use;interior_scope;plans_scope,HDLC Approved_1800 HASTINGS_CD_10.23.24 (RCC stamped).pdf,Renovation of commercial building as per plans. - white box only -,filename signal: approved_plans
7968695,25-00537-RNVS,RNVS,137,approved_plans;commercial_use;interior_scope;plans_scope,1300 Richland - RCC Stamped.pdf,RENOVATION OF AN EXISTING BUILDING TO RESTAURANT/BAR/EVENT SPACE.- NEW COMMERCIAL KITCHEN AND DINING AREA ON THE FIRST FLOOR. NEW SCREENED IN PORCH. NO WORK ON SECOND FLOOR AT THIS TIME. ALL WORK TO BE DONE AS PER PLANS.,filename signal: approved_plans
4335699,19-12611-RNVS,RNVS,135,commercial_use;interior_scope;permit_cd_set,191011_3219_st_claude_ave_-_str_permit_set.pdf,"RENOVATION OF A VACANT RESIDENCE TO A 2 FAMILY DWELLING AS A COMMERCIAL STR (STR Unit 1: 5 bedroom & STR Unit 2: 3 bedrooms) . ALL MECHANICAL, ELECTRICAL, AND PLUMBING TO BE UNDER $15,000.",filename signal: permit_cd_set
4025495,19-18101-RNVS,RNVS,135,commercial_use;interior_scope;permit_cd_set,2019_0604 - 5900 Magazine - Construction Documents.pdf,Partial renovation of existing one story restaurant.,filename signal: permit_cd_set
6640875,22-09566-NEWC,NEWC,135,architectural;commercial_use,SFM Inspection Report - Architectural (1).pdf,NEW CONSTRUCTION OF A STANDARD RESTAURANT. RESTAURANT USE IS PAIRED WITH A PRIVATE DOG RUN,filename signal: architectural
5549668,22-16377-NEWC,NEWC,135,commercial_use;interior_scope;permit_cd_set,121020_2126 Marais Street_PERMIT_SET.pdf,"NEW CONSTRUCTION OF A 2 STORY 1314SF STRUCTURE IN THE REAR OF THE LOT TO BE PART OF HOTEL USE, NEW SITE-WORK THROUGHOUT. ***THIS PERMIT IS FOR THE NEW CONSTRUCTION ONLY, RENOVATION OF THE OTHER STRUCTURES HAS BEEN APPLIED FOR UNDER 22-33294.*** Permit extended until (3) 180 day periods until March 15, 2025 Permit extended (2) 180 day periods until March 15, 2026",filename signal: permit_cd_set
5594926,22-19465-RNVS,RNVS,135,commercial_use;interior_scope;permit_cd_set,20220628_2620 JENA_PERMIT SET-min.pdf,Renovation to the first floor of an existing two story medical clinic building. Building Use to remain the same,filename signal: permit_cd_set
6026821,22-34220-RNVS,RNVS,135,commercial_use;interior_scope;permit_cd_set,(2) Cafe Fleur De Lis_ISSUED FOR PERMIT_230313_STRUCTURE ONLY.pdf,"Renovation of an existing commercial property into a new restaurant. Historical building in the French Quarter. The two side walls are directly adjacent to the neighboring buildings. The very small back ""yard"" to be enclosed and added as interior square footage. No major structural changes. Existing stairwell to remain in place. New kitchen, interior walls, and bathrooms will be added to the existing building. Exterior to be painted. Existing roof to remain.",filename signal: permit_cd_set
6584322,24-00725-RNVN,RNVN,135,commercial_use;interior_scope;permit_cd_set,10-245-10_PERMIT SET_12-20-23 copy-compressed_Part1.pdf,Renovation of existing building (grocery store) into a medical clinic.,filename signal: permit_cd_set
6656157,24-04531-RNVN,RNVN,135,commercial_use;interior_scope;permit_cd_set,TJ Maxx - New Orleans.LA - Permit Set.pdf,Commercial retail remodel interior only,filename signal: permit_cd_set
7580571,24-29321-RNVS,RNVS,135,commercial_use;interior_scope;permit_cd_set,2024-05-03 AP Turead Elect Permit set.pdf,"Minor interior painting, cleaning, finishes repairs, exterior walls repairs.- WHITE BOX COMMERCIAL - NO USE OR OCCUPANCY",filename signal: permit_cd_set
8228406,24-31887-RNVS,RNVS,135,commercial_use;interior_scope;permit_cd_set,NEW HOME_PERMIT_SET_6-5-2025PART1 (RCC).pdf,"Interior repairs and Renovations of existing Church Congregation. Changes include expanding women's restroom, repair of men's restroom, adding sound booth, baptistry, pastor office and sanctuary seating. repairs include Stair Case, second floor framing and plumbing walls. *FINAL INSPECTION* Final FEMA elevation certificate BFE +0.27 NAVD. Also, a FEMA dry-floodproofing certicate that is signed off by either registered professional engineer or architect.",filename signal: permit_cd_set
7870003,25-03108-RNVS,RNVS,135,commercial_use;interior_scope;permit_cd_set,Newton St 100 CDs.pdf,"Fire damage repairs, renovation, addition and code updates to existing commercial and residential spaces. Upgrade electrical, mechanical and plumbing to meet required codes.",filename signal: permit_cd_set
8173126,25-14490-RNVS,RNVS,135,commercial_use;interior_scope;permit_cd_set,WFBDS2025_01_REFRIG_100 CD (RCC).pdf,"THE PROJECT SCOPE CONSISTS OF THE INTERIOR REMODEL TO AN EXISTING 28,511 SF WHOLE FOODS MARKET LOCATED AT 300 N BROAD STREET IN NEW ORLEANS, LA. THE PROJECT INCLUDES BUT IS NOT LIMITED TO THE MODIFICATION OF EXISTING CHECKOUT EQUIPMENT, FOOD SERVICE EQUIPMENT, AND RETAIL SHELVING AS INDICATED WITHIN THESE DOCUMENTS. THE PROJECT WILL ALSO REQUIRE ELECTRICAL, PLUMBING, AND REFRIGERATION SYSTEMS TO BE MODIFIED TO ACCOMMODATE AND SERVE NEW EQUIPMENT AND PLAN LAYOUT. THERE WILL BE NO CHANGE IN OCCUPANCY, USE, EXITS OR TRAVEL DISTANCE.",filename signal: permit_cd_set
2251240,16-02792-NEWC,NEWC,125,approved_plans;commercial_use;interior_scope,Approved plans for construction 02792.pdf,Interior build-out for new two-story mixed-use office and storage use building under seperate future permit.,filename signal: approved_plans
4964802,21-03723-RNVS,RNVS,125,approved_plans;commercial_use;interior_scope,721 St Philip - RCC Stamped.pdf,"School Use (Homer A. Plessy Community School-NOLA Public Schools). The purpose of this project is to replace termite-damaged attic joists and roof rafters, within the attic area of the school building. See drawings for additional information. INTERIOR WORK ONLY",filename signal: approved_plans
5725090,22-19115-RNVS,RNVS,125,approved_plans;commercial_use;interior_scope,717 Orleans Ave - Revised Scope (RCC stamped).pdf,"THIS IS PHASE II & III TO A RENOVATION AT THE BOURBON ORLEANS HOTEL. THIS PHASE INCLUDES A NEW LOBBY BAR, ENTRY VESTIBULE, SPEAKEASY, CAFE, HISTORIC BALCONY REPAIR, & MINOR ALLEY SCOPE.",filename signal: approved_plans
7582944,22-35393-RNVS,RNVS,125,approved_plans;commercial_use;interior_scope,2024.06.21 - 730 St Peter VCC approved overall reno SP RCC STAMPED (1).pdf,"NEW RESTAURANT (WHITE BOX) PROPOSED FOR FIRST FLOOR, INCLUDING INTERIOR RENOVATIONS AND ADDITION OF NEW HVAC AND MECHANICAL EQUIPMENT, UPPER FLOORS TO BE RENOVATED INCLUDING NEW HVAC, ELECTRICAL AND MECHANICAL WORK. MIXED USE PROPOSED FOR 2ND AND 3RD FLOORS. NOT FOR PERMIT, VCC ARC REVIEW ONLY. **RESTAURANT TENANT BUILDOUT UNDER 24-23740-RNVN**",filename signal: approved_plans
9072470,22-37867-NEWC,NEWC,125,approved_plans;commercial_use;interior_scope,955 HOWARD SP RCC STAMPED.pdf,Renovation of existing 2 story commercial building & new construction 4 story building into a mixed use property with retail white box space on the first floor of the existing building and upper floors to be residential condos. Includes an open air but screened walled parking area; listed this area as garage square footage even though it is open air.,filename signal: approved_plans
7479962,24-08485-RNVS,RNVS,125,approved_plans;commercial_use;interior_scope,4628-30 Downman Road Permitting 24_0323 (RCC stamped).pdf,Renovation (Structural) for an existing building of a two tenant commercial space (white box) per drawings.,filename signal: approved_plans
7538714,24-18915-RNVS,RNVS,125,approved_plans;commercial_use;interior_scope,2438 St Claude 24-18915 SP RCC STAMPED (1).pdf,"conversion of 3 commercial STRs upstairs into expansion of existing downstairs restaurant. 2 new kitchen hoods and venting, relocated intr.AC to rooftop, new dining/kitchen/dining bar/seating/storage/toilets upstairs. new walk-in cooler in rear yard. interior demolition permit issued already. building is fully sprinklered w/ NFPA 13 supervised system.",filename signal: approved_plans
7890591,24-21748-RNVS,RNVS,125,approved_plans;commercial_use;interior_scope,P-1__rev2119Louisiana_NH (RCC stamped).pdf,"Mixed Use retail/residential - remodel the entire building including the framing,plumbling,electrical,and mechanical",filename signal: approved_plans
8311424,25-10694-RNVS,RNVS,125,approved_plans;commercial_use;interior_scope,State Fire Stamped Plans.pdf,"Restaurant tenant finish. Tenant Improvement work for a fast-casual restaurant with a dining room, commercial kitchen, restrooms, HVAC, lighting, and an outdoor dining patio area.",filename signal: approved_plans
8396268,25-13207-RNVS,RNVS,125,approved_plans;commercial_use;interior_scope,25_0430 KIDsmART_Permit SP RCC STAMPED.pdf,"The existing building was originally a parochial school, renovated in 2018 to a co-working office space. The 2018 renovation achieved Historic Tax Credits. Renovation to reconfigure the existing program spaces to house administrative offices, classroom and training spaces, fine arts studio classrooms, a performance arts rehearsal and performance spaces, and associated storage, bathroom, prep area, and support spaces. Reconfigure circulation with the addition of an elevator to provide an accessible route to the second floor. The business occupancy of the building will remain same in the upcoming renovation. *MUST RESOLVE BACKFLOW PREVENTION PRIOR TO ANY INSPECTIONS*",filename signal: approved_plans
8752897,25-17379-RNVS,RNVS,125,approved_plans;commercial_use;interior_scope,Backflow Approved Plan 202506_1216 Bienville_P201 Rev 1_AW.pdf,Renovation of historic mixed use building to a new mixed use building with a single apartment above a restaurant below. 6/26/25 BBSA approval waives BFE: Requires use of flood damage-resistant materials; elevate M&E above +1.27 NAVD,filename signal: approved_plans
9354081,25-39400-RNVS,RNVS,125,approved_plans;commercial_use;interior_scope,3901 Magazine - RCC Stamped.pdf,"COMMERCIAL TENANT IMPROVEMENT INCLUDING DEMOLITION AND CONSTRUCTION OF NON-STRUCTURAL PARTITIONS, CEILINGS, FINISHES AND FURNITURE/EQUIPMENT AND ASSOCIATED MEP IMPROVEMENTS.",filename signal: approved_plans
9266602,26-07412-RNVS,RNVS,125,approved_plans;commercial_use;interior_scope,1903 Jefferson SP RCC STAMPED.pdf,"The Isidore Newman School Jefferson Building Restoration/Renovation centers on the partial renovation of the Jefferson Building with connections to the Saratoga Building. Improvements include partial demolition of interior partitions to restore historic architectural features and provide new office and student spaces. The project includes mechanical, electrical, plumbing, and fire protection systems in selected areas of the Jefferson and Saratoga buildings. Exterior renovations consist of façade refinishing work of plaster, a limited scope of window and door replacement, roof repair with dormer additions, and remodeling an outdoor courtyard. BACKFLOW PREVENTION REVIEW REQUIRED PRIOR TO INSPECTIONS BEING ACCEPTED",filename signal: approved_plans
9127047,26-08124-RNVS,RNVS,125,approved_plans;commercial_use;interior_scope,1413 Upperline - RCC Stamped.pdf,Renovation of existing restaurant.,filename signal: approved_plans
838392,13-13588-NEWC,NEWC,122,commercial_use;permit_cd_set;plans_scope,3757_MMP_Phase-II-_ILA-Tract_Permit-Set_4-24-2013.pdf,"Construct a 6,000 Sq Ft retail building as per plans.",filename signal: permit_cd_set
5449878,19-00670-RNVS,RNVS,122,approved_plans;interior_scope;plans_scope,215 Tchoupitoulas - HDLC and RCC Stamped.pdf,"Renovation of existing 2 story building with a 3 story addition for a total 5 stry 37 unit Timeshare project as per plans and BBSA letter. This phase includes structural shell, GF build-out and two dwelling units. Stormwater submittals are embedded into the Building plans under Structural and under Mechanical drawings",filename signal: approved_plans
4035860,19-18423-RNVS,RNVS,122,approved_plans;interior_scope;plans_scope,522 Bourbon - RCC Stamped.pdf,Interior structural repairs of the existing balcony as per plans. NOTE: VCC review and approval not required for interior work. Any exterior work must be submitted to VCC for review and permit prior to completion of work.,filename signal: approved_plans
4242925,19-25242-RNVS,RNVS,122,approved_plans;interior_scope;plans_scope,1125 N Tonti Bldg C-D - HDLC and RCC Stamped.pdf,"Renovation of two 1-story buildings (C and D), with 990sq ft and 1190sq ft respectively, as sleeping rooms with associated kitchenettes and bathrooms for a residential care facility as per plans. Building C is intended to serve as sleeping rooms in the short term with a long-term use as administrative offices as per plans.",filename signal: approved_plans
4328424,19-27685-NEWC,NEWC,122,approved_plans;interior_scope;plans_scope,701 Poydras 6th floor - RCC Stamped.pdf,Renovation of existing shell space on the 6th floor of the Hancock Whitney Center for offices as per plans.,filename signal: approved_plans
4723551,20-41358-RNVS,RNVS,122,approved_plans;interior_scope;plans_scope,1530 Gravier - RCC Stamped.pdf,Renovation to the second and third floors. Scope to include the expansion of existing homeless shelter dormitory as per plans.,filename signal: approved_plans
4968562,20-45301-RNVS,RNVS,122,approved_plans;interior_scope;plans_scope,5354 Magazine RNVS - RCC Stamped.pdf,Renovation of existing one-story building to become amenity spaces for Poydras Home community. All work to be done as per plans TCO AS PER SFM--GOOD TILL 3-25-24 FINAL C.O. ISSUED 4-30-24,filename signal: approved_plans
5114358,20-48257-RNVS,RNVS,122,approved_plans;interior_scope;plans_scope,1008 Dauphine - VCC and RCC Stamped.pdf,"Interior and Exterior Renovations and Refurbishment of a 3-stry, 3947sqft, six-unit apartment building. All work to be done as per plans. Permit extended to 3-24-2024",filename signal: approved_plans
5080489,21-06472-RNVS,RNVS,122,approved_plans;interior_scope;plans_scope,1929 Louisiana - RCC Stamped.pdf,Renovation of an existing boarding house into a bed and breakfast that sleeps 15 people. All work to be done as per plans.,filename signal: approved_plans
5281487,21-13308-RNVS,RNVS,122,approved_plans;interior_scope;plans_scope,632 St Peter - RCC Stamped.pdf,"RENOVATION OF EXISTING BUILDINGS TO ALLOW FOR EXPANSION OF EXISTING DINING ROOM. REMOVAL OF EXISTING FILLED IN ARCHWAY. HARDWARE, FURNISHINGS, FLOORING, PLUMBING, ELECTRICAL, MECHANICAL, ROOFING, AND PAINTING. ALL WORK TO BE DONE AS PER PLANS DATED 12/9/21. No exterior work under this permit. Any exterior work requires the approval of both the VCC and PRC.",filename signal: approved_plans
5948600,21-30568-RNVS,RNVS,122,approved_plans;interior_scope;plans_scope,924 Ursulines - RCC Stamped.pdf,This application is for the complete renovation of a two story Creole Cottage with complying with VCC Design Guidelines. All work to be done as per plans. Permit Reissued on 9-15-23 with Increase in Construction Costs,filename signal: approved_plans
5645580,22-22320-RNVS,RNVS,122,commercial_use;permit_cd_set;plans_scope,1620_2022_PERMIT_SET_71522.pdf,Conversion of a historic three story office into a 24 bedroom boutique hotel. All work to be done as per plans. **FINAL INSPECTION** NEED FEMA ELEVATION CERTIFICATE BFE +5.2 NAVD **Openings on the Property Line Require Fire Protection Approved By the CBO*,filename signal: permit_cd_set
6153157,22-31283-RNVS,RNVS,122,approved_plans;interior_scope;plans_scope,327 Bourbon - RCC Stamped.pdf,"temporary interior shoring, 4th floor of main structure to support metal roof while mansard slate roof is being replaced. Rotten joists to be replaced to match existing where needed with in roof structure, new underlayment and slate in be installed throughout property to match existing slate color. All work to be done as per plans. No use or occupancy under this permit.",filename signal: approved_plans
6046278,23-01467-RNVS,RNVS,122,approved_plans;interior_scope;plans_scope,726-728 Barracks - RCC Stamped.pdf,Repointing of masonry walls of both buildings; infill of gable vent at main building; renovation of stair at rear of main building at 726; installation of tie rods/plates near ridge on both sides of main building; replacement of copper cap flashing at main building; repointing of chimney at rear building; replacement of a few slate roofing tiles at rear building. All work to be done as per plans.,filename signal: approved_plans
6060281,23-04405-RNVS,RNVS,122,approved_plans;interior_scope;plans_scope,6311 St Claude - RCC Stamped.pdf,"Renovation of existing vacant building to contain 4 art studios. Work to consist of rebuyilding front wall, reconfiguring front overhang, adding 4 toilet rooms, plumbing, new electrical and HVAC. All work to be done as per plans.",filename signal: approved_plans
7928580,23-09275-RNVS,RNVS,122,approved_plans;interior_scope;plans_scope,627 Esplanade - RCC Stamped.pdf,"INTERIOR RENOVATIONS AND ADDITION OF NEW HVAC AND MECHANICAL EQUIPMENT, UPPER FLOORS TO BE RENOVATED INCLUDING NEW HVAC, ELECTRICAL AND MECHANICAL WORK. EXTERIOR REPAIRS WHERE NECCESARY WITHOUT ARCHITECTURAL CHANGES TO STREET FACING FACADE. RENOVATION OF EXTERIOR STAIR IN CONNECTING 627 AND 633 IN COURTYARD. NEW EXTERIOR COURTYARD FINISH AND REMOVAL OF EXISTING POOL. REPAIR EXISTING COURTYARD FACING BALCONIES WHERE NECCESARY. ALL WORK TO BE DONE AS PER PLANS.",filename signal: approved_plans
7722869,23-23828-RNVS,RNVS,122,approved_plans;interior_scope;plans_scope,2002 Esplanade Ave - RCC Stamped.pdf,INTERIOR RENOVATION OF RESIDENTIAL UNIT ON 2ND FLOOR OF A TWO STORY MIXED USE BUILDING. ALL WORK TO BE DONE AS PER PLANS.,filename signal: approved_plans
6625879,23-26982-RNVS,RNVS,122,approved_plans;interior_scope;plans_scope,600 Decatur - 5th floor - VCC and RCC stamped.pdf,Replacement of windows and terrace doors on 5th floor of existing 5 floor building. Replacement of inner-wall insulation and gyp board sheathing on interior side of exterior walls on 5th floor of existing 5 floor building. All work to be done as per plans.,filename signal: approved_plans
7525080,23-29864-NEWC,NEWC,122,approved_plans;interior_scope;plans_scope,1845 Ag SP RCC STAMPED (1).pdf,"NEW CONSTRUCTION OF A CATERING KITCHEN AT 1845 AGRICULTURE STREET. F-1 OCCUPANCY WITH NEW FOUNDATION, FRAMING, INTERIOR AND EXTERIOR FINISHES THROUGHOUT. NEW MECHANICAL, ELECTRICAL AND PLUMBING THROUGHOUT. LANDSCAPING BY OTHERS. ALL WORK TO BE DONE AS PER PLANS.",filename signal: approved_plans
6620800,24-02823-RNVS,RNVS,122,commercial_use;permit_cd_set;plans_scope,04 843 CAMP_MECH PERMIT SET 012624.pdf,"CONVERT 3-STORY STRUCTURE TO A 57 ROOM BOUTIQUE HOTEL INCLUDING THE ADDITION OF 2 STORIES. Final structure will be 27,560sf and 5 stories. All work to be done as per plans. Pool is under 24-03271-POOL and was not reviewed under this permit.",filename signal: permit_cd_set
8633600,24-03994-RNVS,RNVS,122,approved_plans;interior_scope;plans_scope,HDLC Approved_241111_2318B_1808 Prytania_PermitSet REDUCED SP RCC STAMPED (1).pdf,Structural renovation of a multifamily structure. Elimination of a non-original addition and addition of new porch as per plans. ***Certificate of Occupancy will be withheld pending verification the resubdivison has been recorded. PARTIAL PHASED RELEASE ISSUED 8-6-2025 FOR THE BALCONIES AND ENVELOPE REPAIRS C of O to be withheld until resubdivsion is finalized,filename signal: approved_plans
7356737,24-04078-RNVS,RNVS,122,approved_plans;interior_scope;plans_scope,823 Decatur - VCC and RCC Stamped.pdf,PERMIT REQUEST TO CORRECT EXTERIOR VIOLATIONS CITED BY THE VCC AND TO REMOVE INTERIOR MASONRY WALL AND REPLACE WITH STEEL COLUMNS AND BEAMS INCLUDING NEW FOUNDATION. ALL WORK TO BE DONE AS PER PLANS. NO USE OR OCCUPANCY UNDER THIS PERMIT.,filename signal: approved_plans
8090373,24-24910-RNVS,RNVS,122,approved_plans;interior_scope;plans_scope,2275 Sanctuary Dr - RCC Stamped.pdf,Renovation of a 2-story Historic former military warehouse structure to become a multi-family apartment building as per plans. **FINAL INSPECTION** NEED FEMA EC SHOWING FLOOR AT LEAST +8.7 NAVD,filename signal: approved_plans
8570051,25-02768-RNVS,RNVS,122,approved_plans;interior_scope;plans_scope,533 Royal - VCC and RCC Stamped.pdf,"SUBSTANTIAL HISTORIC RENOVATION OF EXISTING FULLY SPRINKLERED 3-STORY BRICK MASONRY AND WOOD MUSEUM (CULTURAL FACILITY). NO CHANGE OF USE IS PROPOSED. THE CAMPUS IS COMPRISED OF SEVERAL BUILDINGS THAT HAVE BEEN ACQUIRED OVER TIME THAT ARE INTERCONNECTED. 2 AREAS OF NEW CONSTRUCTION WILL SLIGHTLY EXPAND INTO EXISTING NON-PERMEABLE COURTYARDS AND INCREASE THE OVERALL GROSS SQUARE FOOTAGE. STORMWATER WILL BE RETAINED IN UNDERGROUND TANKS WITHIN 2 COURTYARDS. THE SCOPE OF WORK INCLUDES SEVERAL NEW ELEVATORS AND REGRADING OF THE SITE TO MAKE THE CAMPUS ADA ACCESSIBLE. STRUCTURAL STABILIZATION WILL BE PERFORMED THROUGHOUT ALL BUILDINGS. THE CAMPUS WILL RECEIVE NEW MECHANICAL, ELECTRICAL, SPRINKLER, FIRE ALARM, STORMWATER, AND PLUMBING SYSTEMS. THE PROPERTIES WERE RESUBDIVIDED INTO ONE LOT OF RECORD AND CONSIDERED ONE BUILDING BY CODE. ALL WORK TO BE DONE AS PER PLANS.",filename signal: approved_plans
8694143,25-03633-RNVS,RNVS,122,approved_plans;interior_scope;plans_scope,101 Morgan - RCC Stamped.pdf,"Alteration of existing ferry terminal building, ferry approach and surrounding site. Overhead canopy for weather protection to be added to existing ferry approach bridge. A second floor, elevator and stair will be added to the existing ferry terminal building. Surrounding site, including the public right-of-way, will be renovated to create a new plaza area with new stairs and accessible sloped walks to the terminal building. All work to be done as per plans. *FINAL INSPECTION* FEMA EC BFE +20.32 NAVD",filename signal: approved_plans
8059840,25-05484-RNVS,RNVS,122,approved_plans;interior_scope;plans_scope,813 Ursulines - RCC Stamped.pdf,Install elevator in private residence. Interior work only. No roof penetrations. To be built as per plans.,filename signal: approved_plans
8367819,25-18812-RNVS,RNVS,122,approved_plans;interior_scope;plans_scope,1833 Jena - RCC Stamped.pdf,De-racking the building from the interior and installing a steel frame to spread the load. Work to be done as per plans.,filename signal: approved_plans
8809719,25-32483-RNVS,RNVS,122,approved_plans;interior_scope;plans_scope,401 N Carrollton - RCC Stamped.pdf,Building was previously a Winn-Dixie store. The proposed renovations will convert the location into an ALDI grocery store. Remodel is primarily interior with only cosmetic facade changes to the exterior. No site work or changes in building footprint are being proposed. All work to be done as per plans.,filename signal: approved_plans
4442842,20-27286-RNVS,RNVS,120,architectural,20023_CDs-PermitSet-Arch-1_20200504_1of3.pdf,"INSTALL NEW GENERATOR FOR IT SERVER ROOM ON ROOF, INCLUDING ADDITIONAL SUPPORT STRUCTURE, CONDENSING UNIT MODIFICATION AND CIRCUITRY FOR POWER PANELS SERVING IT SERVER ROOM.",filename signal: architectural
4686625,20-45133-RNVS,RNVS,120,interior_scope;permit_cd_set,924 S.Carrollton - PERMIT_SET 10.30.20.pdf,This application is for the renovation of an existing three family dwelling. Proposed renovation will maintain 3 dwelling units. There is no increase to the existing footprint. Please see drawing s for further information.,filename signal: permit_cd_set
5691910,22-24937-RNVS,RNVS,120,commercial_use;floor_layout;interior_scope,floor plan sketch (unannotated).pdf,Renovation of multiple office spaces.,filename signal: floor_layout
5965509,23-03318-RNVS,RNVS,120,architectural,522 Montegut Street - ARC Package - 2023.02.03.pdf,Penthouse addition to an existing 4 story multi-family building,filename signal: architectural
6087644,23-10186-RNVS,RNVS,120,interior_scope;permit_cd_set,604 Baronne Mech Permit Set 04-14-23.pdf,"Renovation of a historic structure into a mixed use, business and apartment building.",filename signal: permit_cd_set
6768397,24-06887-RNVS,RNVS,120,interior_scope;permit_cd_set,24.03.08 NLC Reno IFP 01 General.pdf,Interior Renovation to second floor of building and mechanical system upgrades. First Floor to receive cosmetic updates and new serving station.,filename signal: permit_cd_set
7789924,24-13705-RNVS,RNVS,120,interior_scope;permit_cd_set,241126_Opelousas_CD_Set_sm-1of2.pdf,Renovation of a historic structure into a white box space on the first floor and a single residential unit on the second floor. There is a new construction attached garage.,filename signal: permit_cd_set
7377106,24-20373-RNVS,RNVS,120,interior_scope;permit_cd_set,AA2110_Tulane Tri Delta Lodge_Construction Documents Bid Set_240418.pdf,Renovation of an existing building use to adjust layout and connect both floors *FINAL INSPECTION* FEMA Elevation Certificate BFE +3.96 NAVD,filename signal: permit_cd_set
8032049,25-10036-NEWC,NEWC,120,interior_scope;permit_cd_set,2118-01_Temporary Classrooms Building_Good Shepherd School_Construction Documents_20250114_Volume 1.pdf,The move of the modular building was done under Permit #21-25670-TOVR and the permit was issued (see attached). In 2022 to an application for a renovation permit (Ref Code:P0RPHN) was filed for the building but the property owner (not GSS) didn’t have the funds to complete the work. Renovation permit (ref code: 1Y5NNR) was submitted in January but was denied because Jay considers the work to be new construction because the building was moved from one location to another. We are filing for a new construction permit to renovate the building and ensure building code life safety compliance for future use at its current location.,filename signal: permit_cd_set
8340403,25-20753-RNVN,RNVN,120,interior_scope;permit_cd_set,Ideal Market_3033 S Carrollton Ave_Permit Set_Issue 1_7-8-2025.pdf,"Ideal Market Chain proposes an interior renovation of the existing grocery store located at 3033 South Carrollton Ave, previously occupied by Save-A-Lot. The scope of work includes a complete interior remodel designed to align with Ideal Market’s current design standards. Improvements consist of new interior finishes, updated interior paint, revised layout of sales area, upgraded and new equipment, and installation of new shelving and fixtures. No exterior alterations are proposed at this time. Exterior Signage will be under a separate permit.",filename signal: permit_cd_set
8753421,25-37968-RNVS,RNVS,120,interior_scope;permit_cd_set,6048 Perrier Unit 3K Permit Set (RCC).pdf,Interior renovation to an existing condo unit in an existing multi-family residential structure. Minor exterior painting.,filename signal: permit_cd_set
8865868,26-02841-RNVN,RNVN,120,interior_scope;permit_cd_set,2521_26_0128_Mercato Piccolo_Permit Set (RCC).pdf,BUILD OUT OF EXISTING MERCANTILE TENANT SPACE IN HISTORIC MIXED NON-SEPARATED OCCUPANCY BUILDING. * Market *,filename signal: permit_cd_set
4018053,19-01081-RNVS,RNVS,117,commercial_use;drawing_set;interior_scope;plans_scope,4301 St. Charles_Construction Drawings.pdf,Renovation and addition to existing school building per plans.,filename signal: drawing_set
1809668,14-06082-NEWC,NEWC,112,approved_plans;commercial_use;plans_scope,Approved stamped plans for construction.pdf,"New construction of a 6,980 s.f. building as per plans (B.W. Cooper Management Office) and Ord 26169 MCS.",filename signal: approved_plans
1416353,14-22422-NEWC,NEWC,112,admin;architectural;commercial_use;plans_scope,Arch't. Response Letter.PDF,Installation of two (2) modular buildings (A&B) and foundations for additional classrooms at existing school (Kipp Believe College Prep Ronald McNair School Building) as per plans.,filename signal: architectural | junk words present but overridden by strong plan signal
2212256,15-03182-NEWC,NEWC,112,approved_plans;commercial_use;plans_scope,Approved plans for construction.pdf,Erect 29035 sq ft modular office use as per plans. Permit is extended for 6 months 03/04/2018,filename signal: approved_plans
1726038,15-04747-NEWC,NEWC,112,approved_plans;commercial_use;plans_scope,Approved plans for construction 15-04747.pdf,Construct office building for proposed used auto sales as per plans.,filename signal: approved_plans
3070133,15-23611-NEWC,NEWC,112,approved_plans;commercial_use;plans_scope,approved plans for construction.pdf,New construction of a 3-stry office building as per plans. 118 w harrison suite 201 and suite 301 and house meter,filename signal: approved_plans
2362105,16-17098-NEWC,NEWC,112,architectural;commercial_use;plans_scope;site_struct,Combined Site and Arch't. and Structural.pdf,Construct 3 story office and storage building as per plans: ground floor contains storage and lobby space; Floors 2 and 3 contain white box spaces to be built out by future office tenants.,filename signal: architectural | junk words present but overridden by strong plan signal
2906866,17-21767-NEWC,NEWC,112,architectural;commercial_use;plans_scope;site_struct,Combined Arch and Struct 21767 2.pdf,"Construct 3 story, 8-unit multi-family building with ground floor commercial as per plans.",filename signal: architectural | junk words present but overridden by strong plan signal
4243086,19-26290-NEWC,NEWC,112,approved_plans;commercial_use;plans_scope,6701 Curran - RCC Stamped.pdf,New outdoor classroom and garden area as per plans.,filename signal: approved_plans
4496509,20-24171-RNVS,RNVS,112,approved_plans;commercial_use;plans_scope,102 St Charles - HDLC and RCC Stamped.pdf,"Conversion of existing 43,785sf, 3-stry+ penthouse space to boutique hotel with dwelling units as per plans separate address from retail for hotel, moved to 104 St Charles Ave EAllison 07/30/2020",filename signal: approved_plans
5017054,20-41384-NEWC,NEWC,112,approved_plans;commercial_use;plans_scope,1613 Baronne - RCC Stamped.pdf,"New construction of a 3-story 8372sqft mixed-use structure. Commercial suite at ground floor front, community use common room at ground floor rear, and (2) Commercial Short Term Rental Units and (1) Long Term Dwelling unit at upper floors. All work to be done as per plans.",filename signal: approved_plans
5694267,21-20243-NEWC,NEWC,112,approved_plans;commercial_use;plans_scope,1426 Baronne - RCC Stamped.pdf,"The project consists of a new 3 story, 6382sq ft hotel building. The new hotel will include 3 units @ 1 unit per floor. All work is to be done as per plans stamped 8/19/22. *Pool will require future permit, not reviewed under this permit.",filename signal: approved_plans
5633725,22-07357-NEWC,NEWC,112,approved_plans;commercial_use;plans_scope,1036 Broadway - RCC Stamped.pdf,"NEW CONSTRUCTION OF A 1STRY, 2,822 SQFT OFFICE BUILDING FOR THE TULANE UNIVERSITY POLICE DEPARTMENT, SITE WORK TO INCLUDE NEW RAMPS, PARKING SURFACES, WALKWAYS, AND LANDSCAPING. ALL WORK TO BE DONE AS PER PLANS. Temporary Occupancy Issued on 8-10-23 for 90 Days to get DPW Inspecitons Completed.",filename signal: approved_plans
5710332,22-12463-RNVS,RNVS,112,approved_plans;commercial_use;plans_scope,1430 Tulane - RCC Stamped.pdf,ENERGY IMPROVEMENTS TULANE DOWNTOWN - SCHOOL OF MEDICINE. All work to be done as per plans.,filename signal: approved_plans
8190739,22-19390-NEWC,NEWC,112,approved_plans;commercial_use;plans_scope,1021 Felicity - RCC Stamped.pdf,"The new construction of a 3-story, 15,000 sq ft, 9-unit Multi-Family project with a ground floor commercial space(s), including covered ground floor surface parking. All work to be done as per plans. NO RESIDENTIAL PERMITTED ON GROUND FLOOR, ONLY COMMERCIAL ON GROUND FLOOR AS PER DFP CERT POOL NOT REVIEWED OR APPROVED UNDER THIS PERMIT. Requires separate POOL permit. **FINAL INSPECTION** NEED FEMA DRY FLOOD-PROOFING CERTIFICATE SHOWING THE STRUCTURE IS DRY FLOOD-PROOFED TO AT LEAST 4FT ABOVE THE CURB(+7.99 NAVD)",filename signal: approved_plans
7737169,22-27204-NEWC,NEWC,112,approved_plans;commercial_use;plans_scope,1104 Clouet 22-27204 SP RCC STAMPED.pdf,Construction of a new commercial restaurant structure on the property. BFE +4.19 NAVD (Requirement for all New construction is 3ft above the curb). Separate use from existing non-conforming\ bar. All work to be done as per plans. ***NO USE OR OCCUPANCY BECAUSE NO DHH APPROVAL***,filename signal: approved_plans
5947697,23-00378-NEWC,NEWC,112,approved_plans;commercial_use;plans_scope,1901 Leon C Simon Bldg C - RCC Stamped.pdf,"The project is a new construction of a K-8 Educational Facility on University of New Orleans' campus. The submission is for the Student Dining/Commons building that is 1 story and approximately 10,500 SF and located behind the 3 story academic building (reviewed under permit # 22-28721). New parking on the west side of property for the new school facility and new parking on the north side will be exclusively for UNO. Existing parking on the east will be modified as necessary. The project includes all new electrical, mechanical, plumbing, fire protection, kitchen equipment, and security. All work to be done as per plans. Stormwater management is under 22-28721-NEWC TEMPORARY CERTIFICATE OF OCCUPANCY ISSUED 6-25-24 FOR 90 DAYS - CLOSEOUT OF DESIGN REVIEW AND STORMWATER MANAGEMENT FINAL C/O ISSUED ON 8/13/24",filename signal: approved_plans
6245437,23-07246-NEWC,NEWC,112,approved_plans;commercial_use;plans_scope,1713 Erato - RCC Stamped.pdf,"New construction of a 4 story, 39,136sf hotel as per plans.",filename signal: approved_plans
8735285,24-03919-NEWC,NEWC,112,approved_plans;commercial_use;plans_scope,1241 N Rampart - Design Review APPROVAL - Stamped Plans 6.9.25.pdf,New construction of a 2 story 9900 sq. ft. hotel with four suites. All work to be done as per plans. Pool is required to have a separate pool permit.,filename signal: approved_plans
8286107,24-19673-RNVS,RNVS,112,approved_plans;commercial_use;plans_scope,1550 N Broad - HDLC and RCC Stamped.pdf,"1,378 SF addition to existing Law Office. To be built as per plans.",filename signal: approved_plans
8182783,24-37443-NEWC,NEWC,112,approved_plans;commercial_use;plans_scope,3401 Erato St - RCC Stamped.pdf,"New construction of at 3-story, 104,715sf apartment building. BW Cooper Senior is an affordable housing apartment building for seniors (all independent living). There are 103 one-bedroom apartments plus amenities including a community room, equipped laundry rooms, mail room, private fenced courtyard with walking paths and seating, bike parking, and EV charging stations. There is an existing building on site that was the original affordable housing and we are preserving, renovating, and making it the new leasing office. All work to be done as per plans. Affordable Housing Development",filename signal: approved_plans
8752211,25-09943-NEWC,NEWC,112,approved_plans;commercial_use;plans_scope,730 Fern - RCC Stamped.pdf,"NEW CONSTRUCTION OF A 3-STORY 6912SQFT MIXED-USE BUILDING ON A VACANT LOT. NEW SITE WORK, SIDEWALKS, LANDSCAPING; NEW FIRE SUPPRESSION, MECHANICAL, ELECTRICAL, AND PLUMBING SYSTEMS. ALL WORK TO BE DONE AS PER PLANS. **3-UNIT SMFA, COMMERCIAL**",filename signal: approved_plans
8752190,25-10003-NEWC,NEWC,112,approved_plans;commercial_use;plans_scope,7904 Maple - RCC Stamped.pdf,"NEW CONSTRUCTION OF 3-STORY, 6912 SQFT MIXED-USE BUILDING ON VACANT LOT. NEW SITE WORK, SIDEWALKS, LANDSCAPING; NEW FIRE SUPPRESSION, MECHANICAL, ELECTRICAL, AND PLUMBING SYSTEMS. ALL WORK TO BE DONE AS PER PLANS. **4-UNIT SMFA, COMMERCIAL** STORMWATER REVIEW ON PERMIT 25-09943 NEWC",filename signal: approved_plans
8742527,25-25839-RNVS,RNVS,112,approved_plans;commercial_use;plans_scope,4104 Tchoupitoulas - RCC Stamped.pdf,Renovations to existing office building into a new reception facility. All work to be done as per plans.,filename signal: approved_plans
2076252,15-32813-NEWC,NEWC,110,commercial_use;permit_cd_set,construction Documents plans.pdf,Erect a pre-engineered covered pavilion on High School campus,filename signal: permit_cd_set
4154314,19-10464-RNVS,RNVS,110,approved_plans;interior_scope,634 Orange - RCC Stamped.pdf,Renovation of an existing warehouse into 2 white box spaces with a common lobby. The project will include landscape and the addition of a concrete porch of the existing building.,filename signal: approved_plans
4636494,19-11679-RNVS,RNVS,110,approved_plans;interior_scope,3494 Esplanade - RCC Stamped.pdf,"Renovation of facade of existing building. No interior work, no site work, no change in use or occupancy.",filename signal: approved_plans
4035735,19-17953-RNVS,RNVS,110,approved_plans;interior_scope,522 Chartres - VCC and RCC Stamped.pdf,"Renovation/reconstruction of a portion of masonry wall, which borders a parking lot. The project is being uploaded for review and currently being bid on. The selected contractor will include the contract, and final contract price. the price included today (06-04-19) is only an estimate.",filename signal: approved_plans
4203480,19-25201-RNVS,RNVS,110,approved_plans;interior_scope,937 Barracks - VCC and RCC Stamped.pdf,"Remove existing roofing material, Replace interior ridge beam, per attached materials stamped VCC approved 09/17/19. Repair and/or replace underlayment as necessary, Install new natural slate (grey/green), using copper nails, Install new copper drip edge, Install/repair half round copper gutters and flashing Remove existing roof over front gallery and install new standing-seam copper roof. Install/reinstall ceramic or concrete V-style or terra cotta ridge tiles. Replace broken tiles as needed, to match existing. Metal cap-flashing on the parapets or chimneys is not allowed. Paint wooden trim and dormers to match existing, as needed. Note: Trash chutes are required for removal of debris from all roofs All work must conform to standard VCC policies & guidelines Permit does not allow for cap flashing on parapets, chimneys or surrounding walls Torch-applied roofing is not permitted in the Vieux Carré. All repair/replacement work shall match existing in color, size, material, detail, profile and exposure. NOTE: No HVAC platform or rooftop installation approved as part of this permit.",filename signal: approved_plans
4825749,20-21965-RNVS,RNVS,110,approved_plans;interior_scope,Stamped Plans_Signed.pdf,825 sq ft addition to an existing admin. building demolition of external offices. Renovation to include new exterior employee door and stairs for warehouse access.,filename signal: approved_plans
4583349,20-27965-RNVS,RNVS,110,approved_plans;interior_scope,1614 Esplanade - HDLC and RCC Stamped.pdf,"Elevate 2950 sq ft structure approximately 36"" from existing height. STRUCTURAL/SHORING WORK ONLY. White box build-out under 19-28328. No use/occupancy under this permit.",filename signal: approved_plans
4698391,20-46129-RNVS,RNVS,110,commercial_use;permit_cd_set,IMC2820-MECH CD SET_(101220).pdf,This project consists of the conversion of an existing unoccupied building into 4 new short term rental units with a commercial space below.,filename signal: permit_cd_set
5041359,20-50455-RNVS,RNVS,110,approved_plans;interior_scope,937 Dumaine - VCC and RCC Stamped.pdf,"Renovation of an existing residential 8 unit building into 6 units. Improvements include new MEP throughout, fire separations, and renovations to interior spaces. The majority of exterior work will be to repair / replace in kind. 12-29-2022 Temporary Certificate of Occupancy issued for 60 days",filename signal: approved_plans
5673606,22-01086-NEWC,NEWC,110,approved_plans;interior_scope,945 Magazine 22-01086 SP RCC HDLC (RCC stamped).pdf,"Removal of existing paving and planting on the interior of lot of the NWWII Museum. New site drainage, paving, fence/gate, benches and planters. Stormwater Management Improvements are also included.",filename signal: approved_plans
5637966,22-07406-RNVS,RNVS,110,approved_plans;interior_scope,533 St Maurice - HDLC and RCC Stamped with notes.pdf,"Follow-up work previously performed under permit number #19-12445-HDLC. See attached drawings indicating the proposed exterior renovation scope of work including the following. Repair/Replace existing windows to match size, shape, and profile. Repair/Replace doors to match size and shape. Any new doors and windows will be submitted for HDLC review. Install front wrap-around awing to match historic as well as a small addition to the rear of the existing structure (approx. 5'-8"" x 26'-8""). NO USE OR OCCUPANCY UNDER THIS PERMIT, EXTERIOR WORK ONLY. Fence limited to 7' in height. Extend 180 days to June 20, 2024. Permit extended (1) 180 days periods until December 26, 2024 Permit extended (2) 180 day periods until December 26, 2025 Permit extended (2) 180 day periods to January 1, 2027 Carimi Construction and Development LLC is the contractor as of January 6, 2026",filename signal: approved_plans
5558675,22-16910-RNVS,RNVS,110,architectural;interior_scope;site_struct,220607-Area E Restrooms - 01 Arch Struct Dwgs.pdf,Interior renovation to provide restrooms in an existing casino.,filename signal: architectural | junk words present but overridden by strong plan signal
5687523,22-24634-RNVS,RNVS,110,architectural;interior_scope;trade,17-0038 - ARCH MEP.pdf,Interior remodel to existing McDonald's,filename signal: architectural | junk words present but overridden by strong plan signal
5813365,22-32358-RNVS,RNVS,110,approved_plans;interior_scope,NOBTS Student Center Canopy Renovation CD_102522 (RCC stamped).pdf,"The Canopy Renovation Project at the Baptist Seminary, Student Center is an exterior project with the following scope: 1) Renovate the façade of the existing South & West brick canopies. 2) Construct metal canopy between existing canopies 3) Install brick pavers under New and South canopy.",filename signal: approved_plans
6200500,23-09548-RNVS,RNVS,110,approved_plans;interior_scope,945 Magazine_HDLC Approved_6.22.23 (RCC stamped).pdf,Renovation to La Pavilion to modify the existing curtainwall entry and add an entry plaza with canopy.,filename signal: approved_plans
6170932,23-13587-NEWC,NEWC,110,commercial_use;permit_cd_set,20-2108 Construction Documents Combined 2023.05.01_Part1.pdf,Construction of a new office/warehouse building for the City of New Orleans Department of SanitationFacility per pllans.,filename signal: permit_cd_set
7466817,23-17882-RNVS,RNVS,110,approved_plans;interior_scope,M1.00-PIPING_073124 (RCC stamped).pdf,"The Phase III work includes renovations to the interior spaces of the existing historic structure to accommodate a modern place of worship. Included are modifications to interior partitions, vertical access, security and audio-visual-lighting systems, complete electrical distribution, complete mechanical and plumbing systems, wall, floor and ceiling finishes. *FINAL INSPECTION* BBSA waiver granted December 19, 2024: flood panels to be installed at doorwells; M&E to be raised; flood damage-resistant materials to be used.",filename signal: approved_plans
6557216,23-24593-RNVS,RNVS,110,approved_plans;interior_scope,515 Toulouse - RCC Stamped.pdf,Filing for interior work at 515/519 Toulouse Street. Repoint bricks and strap to reinforce wall (work already done and structurally sound per engineers report attached). Also we are filing for shoring work needed (please see engineers report and plans). All work to be done as per engineer's report and drawings.,filename signal: approved_plans
