doc_id,permit_num,code,tier,score,name,description,reasons
4535634,20-02145-RNVS,RNVS,review,78,5909 St Claude - RCC Stamped MINUS MEP SET.pdf,"Interior gut and renovation of existing building to accommodate senior housing apartments and museum exhibition space, a new addition to include elevator and egress stair, and site improvements such as landscaping and parking lot as per plans.",plan signal but mixed/noisy filename | relevant permit scope | renovation permit
4604011,20-39496-RNVS,RNVS,review,78,5705 Magazine St. Permit Set - Structural.pdf,"Annex Structure at 5705 with roof replacement, minor wall height extension, and minor building extension. New front Façade, White-box, semi-finished interiors in anticipation of receiving future tenant build out Extend permit (3) 180 day periods to 1-12-23.",plan signal but mixed/noisy filename | relevant permit scope | renovation permit
5711750,21-31040-RNVS,RNVS,review,78,22_0829_RAMPART ST_PLUMBING RISER and FLOOR PLAN.pdf,"The renovation to a two story building at 1434 N. Rampart Street, New Orleans . The previous use of the building was believe to be a automotive upholstery shop, and then later becoming a medical center. The building has been vacant for 20 years and the proposed use would be a Art studio and Gallery, with an office on the ground floor. The building is located in the Historic Marigny/Treme/Bywater Commercial Districts/HMC-2, which permits the use of an Art Studio, Gallery, and Office under section 10.2.A in the New Orleans Comprehensive Zoning Ordinance.",plan signal but mixed/noisy filename | relevant permit scope | renovation permit
5306186,21-35811-RNVS,RNVS,review,78,The Bonsai Hotel Permit Set 12 23 21-STRUCTURAL-FS.pdf,"A ground floor tenant build-out of a 42 guestroom hotel and ancillary standard restaurant including all mechanical, electrical, plumbing, and fire-suppression as required for the intended uses. MEP ROUGH IN AND FRAMING RELEASE ISSUED ON 6-6-22",plan signal but mixed/noisy filename | relevant permit scope | renovation permit
5380571,22-05581-RNVS,RNVS,review,78,934 Canal St Permit Set - Plumbing (5 shts).pdf,HDLC REVIEW UNDER SEPARATE APPLICATION. REF. CODE: SVGBTP RENOVATION OF AN EXISTING FOUR STORY BUILDING FROM AN UNOCCUPIED LEASE SPACE TO A GREY BOX SPACE LEASE SPACE ON FIRST FLOOR & R-1 HOTEL ON PORTION OF FIRST FLOOR AND ALL UPPER FLOORS.,plan signal but mixed/noisy filename | relevant permit scope | renovation permit
5645579,22-22320-RNVS,RNVS,review,78,1620 MLK MEP Permit Set 07-13-22.pdf,Conversion of a historic three story office into a 24 bedroom boutique hotel. All work to be done as per plans. **FINAL INSPECTION** NEED FEMA ELEVATION CERTIFICATE BFE +5.2 NAVD **Openings on the Property Line Require Fire Protection Approved By the CBO*,plan signal but mixed/noisy filename | relevant permit scope | renovation permit
6087644,23-10186-RNVS,RNVS,review,78,604 Baronne Mech Permit Set 04-14-23.pdf,"Renovation of a historic structure into a mixed use, business and apartment building.",plan signal but mixed/noisy filename | relevant permit scope | renovation permit
6444781,23-28966-RNVS,RNVS,review,78,415 LAFAYETTE ST HVAC UNIT PERMIT SET.pdf,INSTALLATION OF NEW HVAC UNIT ON THE ROOF OF HOTEL LOCATED AT 415 LAFAYETTE STREET. THE WORK WILL INCLUDE THE INSTALLATION OF THE NEW HVAC UNIT AS WELL AS NEW DUCT WORK CONNECTING THE UNIT INTO THE EXISTING BUILDING AT FLOORS 1 THROUGH 4.,plan signal but mixed/noisy filename | relevant permit scope | renovation permit
7465572,24-07959-RNVS,RNVS,review,78,439 Royal - VCC and RCC Stamped - structural repair NO RAIL.pdf,"Stabilize and repair structural concerns around corner door per attached engineers recommendations. Address VCC violations: remove unpermitted vent from Royal side wall patch stucco and paint to match, replace light fixtures under balcony, replace downspout to match repair/replace balcony decking as needed to match. Existing rail extension to be removed, new rail extension and new tension cable to be added to historic railing. All work to be done as per plans.",plan signal but mixed/noisy filename | relevant permit scope | renovation permit
7253399,24-14124-RNVN,RNVN,review,78,N23-021 Trader Joes NO MEP Permit Set.pdf,Tenant Build Out for a new grocery store (INTERIOR BUILDOUT ONLY UNDER THIS PERMIT) (BUILDING WILL BE CONSTRUCTED UNDER 24-01393-NEWC) TEMPORARY CERTIFICATE OF OCCUPANCY (until parking area zoning deficiencies are satisfied) FINAL CERTIFICATE OF OCCUPANCY ISSUED 9-14-25,plan signal but mixed/noisy filename | relevant permit scope | renovation permit
7415021,24-22416-RNVS,RNVS,review,78,"N24-016 Geautreaux s Restaurant Expansion MEP Permit Set, incl. SWBNO-approved PRD (RCC).pdf","Renovations and small addition to an existing one story commercial space adjunct to the existing restaurant Gautreau's. This total 1,253 s.f. project consists of two ADA-ABA compliant restrooms, a 224 s.f Kitchen expansion, a 685 s.f Dining Area and a 190 s.f. holding bar. RESUB MUST BE FINALIZED PRIOR TO C OF O",plan signal but mixed/noisy filename | relevant permit scope | renovation permit
7447848,24-23757-RNVN,RNVN,review,78,Starbucks at Rouses New Orleans State Fire Approved Drawings RISER PAGE 20 (RCC stamped).pdf,Renovation of existing coffee bar inside Rouses Market to Starbucks coffee bar,plan signal but mixed/noisy filename | relevant permit scope | renovation permit
7591822,24-29819-RNVS,RNVS,review,78,Ideal Gas Station Architectural MEP Set_9-20-2024.pdf,"The scope of work consists of structurally renovating an existing convenience store building, renovating the pump island fascias, and installing new signage. The existing building will be about 50% partially demolished by removing the existing roof framing and some interior non-load-bearing walls. An addition to increase the Convenience Store sales area will be constructed on the left side of the building and a new corrugated metal roof will be constructed. The existing CMU walls will remain in place. A knee wall will be built to raise the ceiling height from 9 feet to 14 feet. The old shed building on the left side will be removed to allow for the addition to the existing Convenience Store. New landscaping and sidewalk repair is proposed. Existing fuel pumps will remain. No new pumps will be installed. The owner is only painting the columns and repairing the canopy ceilings and replacing the fascia with new metal panels and new signage.",plan signal but mixed/noisy filename | relevant permit scope | renovation permit
7591987,24-29834-RNVS,RNVS,review,78,240930 Signature Bar - Electrical Tech AV (RCC stamped).pdf,INTERIOR RENOVATION OF EXISTING CASINO TO PROVIDE A NEW SIGNATURE BAR.,plan signal but mixed/noisy filename | relevant permit scope | renovation permit
7781092,24-30408-RNVS,RNVS,review,78,3003SCarrollton_Plumbing_AW_MR (SWBNO backflow approved) - RCC stamped.pdf,"Change of Use and renovation of an existing Catholic Book Store into a Pediatric Dentist Office *FINAL INSPECTION* BBSA approved 10.19,2024. Requirements include flood damage-resistant materials; elevated M&E; backwater valve",plan signal but mixed/noisy filename | relevant permit scope | renovation permit
7795832,24-31391-RNVS,RNVS,review,78,VCC_2024.12.19 - STAMPED APPROVED - Building Renovation and Rooftop Mechanical (RCC stamped).pdf,"Prep suite for future tenant white box turn over-- Scope or work includes: • 1st Floor: o Complete interior demolition and removal of finishes on 1st floor except restrooms, janitor closet and electrical panels. o Removal of existing ATM and replacement of French doors (already reviewed by VCC Ref # HG784Y). o Prep suite for future tenant white box turn over. o Existing HVAC, electrical and sprinkler system to be modified for reduced layout. • 2nd Floor: o Complete interior demolition and removal of finishes on 2nd floor. o Prep suite for future tenant white box turn over. o Build new ADA restrooms (new ACT ceiling and ADA plumbing fixtures). o Build 2-hour demising wall. o Install new roof access ladder and hatch. o Existing HVAC, electrical and sprinkler system to be modified for reduced layout. • Roof: o Remove portions of existing ductwork. o Install new condensing unit. o Install new roof access hatch.",plan signal but mixed/noisy filename | relevant permit scope | renovation permit
7697793,24-31491-RNVS,RNVS,review,78,Electrical permit set.pdf,Interior buildout consisting of expansion of first floor bar (assembly use) into first floor dwelling unit. Exterior work limited to placement of HVAC units on the roof.,plan signal but mixed/noisy filename | relevant permit scope | renovation permit
7977108,24-32465-RNVS,RNVS,review,78,HDLC Approved__New Exterior Structural Tiebacks (RCC stamped).pdf,Replacing failed structural members at the roof above the architects studio as per plans,plan signal but mixed/noisy filename | relevant permit scope | renovation permit
7848543,24-35922-RNVN,RNVN,review,78,Floor Plan Riser Diagrams.pdf,"Interior tenant fit out of retail lighting store. All structure beams, joists, columns, etc. to remain. Existing storefront and glazing system to remain, to be patched and repaired and to be refinished. Electrical service is existing to remain. Existing mechanical equipment and unit to remain. New internal non rated partitions to be installed. Installation of wall graphics, area rugs, and paint. New showroom area and back room lighting layout. New showroom millwork and back room fixtures to be installed. New water line for new bottleless water cooler and mop sink. New lit external signage to be installed. TEMPORARY CERTIFICATE OF OCCUPANCY GRANTED for RETAIL SPACE FINAL CERTIFICATE OF ISSUED 11-26-2025",plan signal but mixed/noisy filename | relevant permit scope | renovation permit
8311424,25-10694-RNVS,RNVS,review,78,State Fire Stamped Plans.pdf,"Restaurant tenant finish. Tenant Improvement work for a fast-casual restaurant with a dining room, commercial kitchen, restrooms, HVAC, lighting, and an outdoor dining patio area.",plan signal but mixed/noisy filename | relevant permit scope | renovation permit
8752897,25-17379-RNVS,RNVS,review,78,Backflow Approved Plan 202506_1216 Bienville_P201 Rev 1_AW.pdf,Renovation of historic mixed use building to a new mixed use building with a single apartment above a restaurant below. 6/26/25 BBSA approval waives BFE: Requires use of flood damage-resistant materials; elevate M&E above +1.27 NAVD,plan signal but mixed/noisy filename | relevant permit scope | renovation permit
8398984,25-23283-RNVS,RNVS,review,78,2139 Dauphine Street - Canopy Structural Permit Set 2025-07-31 (RCC).pdf,Structural renovation permit requested to repair wood-frame canopy over Elysian Fields Avenue balcony per HDLC Demolition by Neglect violation dated 11/11/21.,plan signal but mixed/noisy filename | relevant permit scope | renovation permit
8502233,25-27326-RNVS,RNVS,review,78,09-05-25 TOSC PERMIT SET 2 of 2 (riser page 4).pdf,"The project is a renovation of the existing Touro outpatient surgery center. The three existing ORs & adjacent support rooms are not within this projects scope and will remain as is. Project consists of waiting room, 3 new ORs, 6 Pre-Op cubicles, 9 post-Op bays, & support spaces.",plan signal but mixed/noisy filename | relevant permit scope | renovation permit
9117637,26-08320-RNVS,RNVS,review,78,260319 - 4201 Tulane - Permit Set - Plumbing Riser ONLY.pdf,"A renovation of an existing 2-story structure into leased tenant spaces for artists and craftspeople. The previous phase of construction, for the exterior envelope and structure, was permitted under permit #21-22920-RNVS",plan signal but mixed/noisy filename | relevant permit scope | renovation permit
9329916,26-09951-RNVS,RNVS,review,78,M202A - SECOND FLOOR PLAN A - riser diagram.pdf,"LIMITED RENOVATION TO EXISTING SCHOOL BUILDING W/ NO ADDITIONAL FLOOR AREA OR CHANGE OF USE PROPOSED. PROJECT INCLUDES RE-PARTITIONING OF MULTIPLE CLASSROOMS, OFFICES, AND A MEDIA ROOM INTO RECONFIGURED CLASSROOMS, BREAKOUT ROOMS (SMALL MEETING ROOMS) AND VOCATIONAL SPACES.",plan signal but mixed/noisy filename | relevant permit scope | renovation permit
3750921,17-35590-RNVS,RNVS,review,73,Plan review design revision letter_181115.pdf,"Renovate and construct 1662 sq ft 2nd story addition to existing 1662 sq ft vacant building as a 2-family dwelling as per plans, [1801-03] ***13D sprinkler system shall be installed",generic drawings/plans in relevant permit scope | relevant permit scope | renovation permit
4408455,17-41879-RNVS,RNVS,review,73,827 Canal St HDLC approved storefront shop drawings.pdf,Facade Renovation & interior renovation of 2nd and 3rd floors for future apartments.,generic drawings/plans in relevant permit scope | relevant permit scope | renovation permit
3371385,18-13316-RNVS,RNVS,review,73,2016_10_26 Campus Development Plan.pdf,Renovate vacant commercial space as Elementary school as per plans.,generic drawings/plans in relevant permit scope | relevant permit scope | renovation permit
3726417,18-31705-RNVS,RNVS,review,73,Base Flood elevation Old Gentilly Hwy 14601 (Folgers Loadout Bldg- Construction Drawings).pdf,Extension of existing packing building to house new packing equipment as per plans. (Whole Roast Load Out Building). Requesting Foundation Release.,generic drawings/plans in relevant permit scope | relevant permit scope | renovation permit
3653046,18-32924-RNVN,RNVS,review,73,Proposed Plan.pdf,"renovation to existing property - updating electrical, plumbing, HVAC, replacing drywall, cabinets, counter tops, floors, framing",generic drawings/plans in relevant permit scope | relevant permit scope | renovation permit
3691842,18-37799-RNVS,RNVS,review,73,4.15212-XLandscape PlanJT 110718 Modified-Grading Plan.pdf,Renovation,generic drawings/plans in relevant permit scope | relevant permit scope | renovation permit
4018053,19-01081-RNVS,RNVS,review,73,4301 St. Charles_Construction Drawings.pdf,Renovation and addition to existing school building per plans.,generic drawings/plans in relevant permit scope | relevant permit scope | renovation permit
3785975,19-02743-RNVS,RNVS,review,73,Stamped Engineering Plan - 1000 Girod St 4B.pdf,Tenant build-out to convert a vacant 1020 sq ft white-box space into an ice cream shop as per plans. For Aqua-S in Suite 104B,generic drawings/plans in relevant permit scope | relevant permit scope | renovation permit
3850553,19-07111-RNVS,RNVS,review,73,Engineering Plan - 2900 LaSalle St.pdf,"Renovation and addition to existing grocery store as per plans. 1/14/2022: Permit extended for 6 months Permit extended (2) 180 day periods until June 21, 2025",generic drawings/plans in relevant permit scope | relevant permit scope | renovation permit
4614722,19-09000-RNVS,RNVS,review,73,Bldg App and SFM Docs Plan Review.pdf,"Repairs to existing single story, mixed use building as per plans. No use and occupancy this permit.",generic drawings/plans in relevant permit scope | relevant permit scope | renovation permit
4286186,19-16226-RNVS,RNVS,review,73,CU approval plans.pdf,2-story addition to existing mini-warehouse facility including site exterior modifications and minimal interior modifications to the existing facility as per plans.,generic drawings/plans in relevant permit scope | relevant permit scope | renovation permit
4250025,19-20623-RNVS,RNVS,review,73,Plans approval- Coffee Cake Comfort.PDF,"Renovation to convert residential space to commercial for a Specialty Restaurant. Scope of work to include relocating gas, plumbing,electrical and handicap ramp. Extend permit ot 12/11/21.",generic drawings/plans in relevant permit scope | relevant permit scope | renovation permit
4433003,19-25216-RNVS,RNVS,review,73,HDLC Approved__934 Canal Street Drawings and Lighting.pdf,Renovation and Addition of historic building as per plans. Hotel floors 2-5; whitebox for tenant on ground. Permit #19-25216 is now cleared for stormwater approval conditioned on the payment fee - in lieu of stormwater improvements as detailedin Review Comments for related permit #19-25214. Contractor should be reminded to implement the SWPPP before construction begins.,generic drawings/plans in relevant permit scope | relevant permit scope | renovation permit
4222827,19-30769-RNVS,RNVS,review,73,208 Chartes plan.pdf,Structural renovation to a commercial building. Scope of work includes replacing vinyl window to wood window in dormer and shingle side of dormer,generic drawings/plans in relevant permit scope | relevant permit scope | renovation permit
4445200,19-31035-RNVS,RNVS,review,73,PLAN REVIEW COMMENTS.pdf,Historic renovation of existing vacant building into new business/mercantile on the first floor and apartments on the second and third floors.,generic drawings/plans in relevant permit scope | relevant permit scope | renovation permit
7902437,19-37120-RNVS,RNVS,review,73,250207-1515 POYDRAS - PLAN REVIEW COMMENTS-RESPONSES.pdf,"Conversion of existing commercial mixed use office building to commercial mixed use with 430 commercial short term rentals, apartments for rent, condominiums for sale, office and business use with 11,965 added on top of existing garage structure for exterior amenity purposes.",generic drawings/plans in relevant permit scope | relevant permit scope | renovation permit
4440148,20-00008-RNVS,RNVS,review,73,Plan Review 1315 Gravier.pdf,"Remove east building including skin/glass, framing, drywall, roof system,, roof deck, MEP, sprinkler, concrete slab, and up to 8 steel columns and beams with associated clips and accessories. Remove stairs/rails, interior/exterior finishes and equipment.",generic drawings/plans in relevant permit scope | relevant permit scope | renovation permit
4497577,20-00406-RNVS,RNVS,review,73,Plan Review Correspondence.pdf,Structural renovation to a commercial building. Scope includes 687 second story addition as plans. NO PLUMBING,generic drawings/plans in relevant permit scope | relevant permit scope | renovation permit
4464120,20-01898-RNVS,RNVS,review,73,DR058-20 plans for final review and approval.pdf,Substantial rehab of 16 story multi-family residential structure with 202 dwelling units as per plans. ***TCO AS PER SFM 09-06-22----good till 12-20--22,generic drawings/plans in relevant permit scope | relevant permit scope | renovation permit
4605443,20-02283-RNVS,RNVS,review,73,PLANS.pdf,Structural Renovation,generic drawings/plans in relevant permit scope | relevant permit scope | renovation permit
4720115,20-21014-RNVS,RNVS,review,73,801 Patterson - R.O.W. Trees Plan.pdf,"Converting interior to apartments and retail space: Framing, electrical, plumbing, HVAC, flooring, painting Extend permit 90 days till 4-27-23 90 Days Temporary Occupancy to clear up swm items---sfm ok Final Occupancy Issued 3-22-2023",generic drawings/plans in relevant permit scope | relevant permit scope | renovation permit
4503371,20-26132-RNVS,RNVS,review,73,4842 Tchoupitoulas_Security and Operational Plan.pdf,"Renovation & Change of Use to convert a vacant 1-story office to a restaurant. Work includes structural interior work as well as building a new exterior porch and ADA entrance. Permit extended until March 22, 2022",generic drawings/plans in relevant permit scope | relevant permit scope | renovation permit
4852192,20-48400-RNVS,RNVS,review,73,3521 S. Liberty Revised Plan for City of NOLA 21021.pdf,Structural renovation of an existing warehouse to add a camelback addition which will feature one 3 bedroom residential unit.,generic drawings/plans in relevant permit scope | relevant permit scope | renovation permit
4987643,21-09180-RNVS,RNVS,review,73,Life Safety Plan.pdf,Interior Renovation of an existing building (1928 gross SQFT) to create new Oﬃce space,generic drawings/plans in relevant permit scope | relevant permit scope | renovation permit
5896437,22-13816-RNVS,RNVS,review,73,Restaurant Operation Plan.pdf,Renovation of Existing Structure for new restaurant,generic drawings/plans in relevant permit scope | relevant permit scope | renovation permit
6095006,23-10731-RNVS,RNVS,review,73,Dorothy Walter Approval Drawing Rev. A - signed.pdf,Concrete pad to install commercial Platform Lift upon.,generic drawings/plans in relevant permit scope | relevant permit scope | renovation permit
6161803,23-11083-RNVS,RNVS,review,73,23_05_22 SAHS Wellness Center_100% CDs_Planting Plans for Approval.pdf,"RENOVATION AND MODERNIZATION OF AN EXISTING 29,783 SF HIGH SCHOOL GYMNASIUM WITH 2 NEW MEZZANINE ADDITIONS TOTALING 3,977 SF. THE RENOVATION IS TO INCLUDE MODIFICATION OF EXISTING SPACES AND PROGRAMMING, NEW PLUMBING FIXTURES AND RESTROOM LAYOUTS, NEW FINISHES, NEW GYMNASIUM EQUIPMENT, REPLACEMENT OF EXISITNG EXTERIOR OPENINGS, EXTERIOR FACADE CLAEANING AND REPAIRS, SITE LANDSCAPING AND WATER MANAGEMENT.",generic drawings/plans in relevant permit scope | relevant permit scope | renovation permit
8486556,24-10568-RNVS,RNVS,review,73,Plan Review Form 2025 - Fire Prevention District_Filled_Approved.pdf,"Interior and exterior renovations; new electrical, new plumbing and new hvac. structural and non structural renovations to existing building including roofing, walls, windows, doors, siding, stucco, brick pointing. Addition of 2 stories on 1012 Marais. **RDO allows for office use** August 2024 BBSA exemption of BFE requirements",generic drawings/plans in relevant permit scope | relevant permit scope | renovation permit
8091232,25-02683-RNVS,RNVS,review,73,535 Franklin Operations Plan (1).pdf,Structural interior renovation on the 2nd floor of EXISTING 2 story 4565 sq ft restaurant.,generic drawings/plans in relevant permit scope | relevant permit scope | renovation permit
8073496,25-07348-RNVS,RNVS,review,73,1600 Frenchmen Street - Impact Plan.pdf,Renovation of two-story building for a social club/lodge use,generic drawings/plans in relevant permit scope | relevant permit scope | renovation permit
8350828,25-14312-RNVS,RNVS,review,73,4110 - E2 POWER PLAN - 03167.pdf,"Front End remodel and revise checkout area; install a security enclosure door ***Permit Extended 180 Day period unil November 18, 2026***",generic drawings/plans in relevant permit scope | relevant permit scope | renovation permit
8719025,25-18803-RNVS,RNVS,review,73,325 Andrew Higgins_Structural Plans.pdf,Renovation of existing storage warehouse into wine bar as per plans. Project includes addition of small rooftop seating area on the existing 1st story roof. ** Per CPC CU approved drawings**,generic drawings/plans in relevant permit scope | relevant permit scope | renovation permit
8315256,25-19810-RNVS,RNVS,review,73,2123 General Meyer (Construction Drawings).pdf,Complete Renovation - Child Daycare Center *FINAL INSPECTION* FEMA EC BFE +6.1 NAVD,generic drawings/plans in relevant permit scope | relevant permit scope | renovation permit
8409225,25-20753-RNVN,RNVN,review,73,3033 S. Carrollton Recorded Plans.pdf,"Ideal Market Chain proposes an interior renovation of the existing grocery store located at 3033 South Carrollton Ave, previously occupied by Save-A-Lot. The scope of work includes a complete interior remodel designed to align with Ideal Market’s current design standards. Improvements consist of new interior finishes, updated interior paint, revised layout of sales area, upgraded and new equipment, and installation of new shelving and fixtures. No exterior alterations are proposed at this time. Exterior Signage will be under a separate permit.",generic drawings/plans in relevant permit scope | relevant permit scope | renovation permit
8481105,25-26384-RNVS,RNVS,review,73,Construction Plans Bath Body Works 500 Port of New Orleans Place Suite 142_Part1 (RCC).pdf,Remodel of an existing retail tenant space in the Outlet Collection at Riverwalk for a new Bath & Body Works store,generic drawings/plans in relevant permit scope | relevant permit scope | renovation permit
8675403,25-30892-RNVS,RNVS,review,73,Swing Hub Operation Plan (2) (1).pdf,"Ancillary use of a standard restaurant inside an indoor amusement facility -- Amusement facility renovation under permit 25-13755-RNVS. Kitchen and bar repair ONLY. No exterior work and no work outside of the kitchen and bar, Temporary Certificate of Occupancy Issued on 6-4-26 for 90 Days",generic drawings/plans in relevant permit scope | relevant permit scope | renovation permit
8615422,25-32334-RNVS,RNVS,review,73,Hilton Pool Infill Drawings.pdf,The building is an existing 18-story hotel plus basement. The project consists of infill of existing indoor swimming pool and hot tub located in the basement to provide a a level floor surface. Hot tub walls to be removed and floor infill constructed per drawings. No other work/exterior work under this permit.,generic drawings/plans in relevant permit scope | relevant permit scope | renovation permit
8872918,26-02747-RNVN,RNVN,review,73,Tchoupitoulas Tap Room Expansion Drawings.pdf,"Renovation of a portion of an existing warehouse, previously used as a retail space, into expanded seating for existing brewery, producing fewer than 12,500 barrels per year.",generic drawings/plans in relevant permit scope | relevant permit scope | renovation permit
8963225,26-06375-RNVS,RNVS,review,73,APPROVAL Fire Prevention Plan Review Form (003).pdf,2nd story addition to existing Maple Small Animal Clinic.,generic drawings/plans in relevant permit scope | relevant permit scope | renovation permit
2397736,16-06711-RNVN,NEWC,review,70,631 Loyola SFM Architectural Inspection Report -.pdf,"Renovation of partitions, ceilings, electrical and mechanical elements throughout interior of the 16th and 17th floors as per plans.",plan signal but mixed/noisy filename | relevant permit scope
3780766,17-18238-NEWC,NEWC,review,70,SWMP- Approved plans.pdf,Construct 3-story office building as per plans. (see files under 17-21714) Stormwater Bond and all CPC/Stormwater inspections and approvals must be complete prior to any release of occupancy.,plan signal but mixed/noisy filename | relevant permit scope
5174603,19-15115-NEWC,NEWC,review,70,21_0618 St Joseph Hotel Electrical Permit Set.pdf,"Proposal for new hotel within the footprint of an existing vacant storage building first used as a brewery. Site and building have long since been abandoned and new hotel will allow for adaptive re-use of the historic brewery structure. New construction will require full Demolition of 1 story warehouse building facing N. Diamond St and partial demotion of the existing 2 story warehouse building facing St Joseph St with retention of the front façade including cornice, windows, and exterior doors. The project consists of preserving the 2 story, 37’ tall, masonry building envelope along St. Joseph Street and building a new 5 story structure behind the historic building. This 5 story new structure is proposed from property line to property line on the Tchoupitoulas, S. Peters, and N. Diamond sides and proposes a 10’ setback from the St. Joseph Street façade on the 4th story and an additional 10’ setback at the 5th floor for a total setback of 20’. The new structure shall include a 5 level, 96 key hotel, a public lobby bar/restaurant, a rooftop bar/restaurant, and a rooftop pool that is open to the public.",plan signal but mixed/noisy filename | relevant permit scope
5503318,22-06210-NEWC,NEWC,review,70,SWB REVIEW FAIRGROUNDS WASH STALLS PHASE 1 CD - PERMIT SET 2.25.22 PLUMBING (1).pdf,Construction of New Wash Stall Barn and retrofit of select existing barn stalls per plans.,plan signal but mixed/noisy filename | relevant permit scope
6278052,22-07407-NEWC,NEWC,review,70,230628 1301 Japonica Construction Release Rev 02 Sheets (ASI 03) - RCC stamped.pdf,New construction of a 3 suite hotel with service structure. FINAL CERT OF OCC ISSUED 3-21-25,plan signal but mixed/noisy filename | relevant permit scope
6640875,22-09566-NEWC,NEWC,review,70,SFM Inspection Report - Architectural (1).pdf,NEW CONSTRUCTION OF A STANDARD RESTAURANT. RESTAURANT USE IS PAIRED WITH A PRIVATE DOG RUN,plan signal but mixed/noisy filename | relevant permit scope
5545456,22-11220-NEWC,NEWC,review,70,P-2 Floor Plans - PLUMBING-Layout-36x24.pdf,CONSTRUCTION OF A NEW WAREHOUSE AND COMMERCIAL OFFICE FOR CRESCENT CITY FOREST PRODUCTS - Wholesale retail sales to contractors. STORMWATER BMPs INCLUDED Revised Stormwater Plans Approved 9-22-23 TEMPORARY OCCUPANCY GRANTED PER STATE FIRE MARSHAL ON 4-23-24,plan signal but mixed/noisy filename | relevant permit scope
5746269,22-28198-NEWC,NEWC,review,70,220701 Mazant Royal - Civil Permit Set.pdf,"New construction of a 96,400sf, four story multifamily structure for 82 apartments and leasing office. All work to be done as per plans. Affordable Housing Development PHASE 1 FOUNDATION PERMITTED 1-23-26",plan signal but mixed/noisy filename | relevant permit scope
6210625,23-06091-NEWC,NEWC,review,70,230512 4227 MAGAZINE STREET CIVIL-STORMWATER REVIEW PERMIT SET.pdf,"New construction of wood & steel-framed 3-story mixed-use building consisting of a commercial restaurant/performance kitchen space in the ground floor w/ bathroom and dining/teaching spaces. Above there will be 2 stories of residential apartment units (1 apartment per floor) connected via an Exit Access Stair and Elevator. The mechanical equipment will be present in the roof, adjacent to a small rooftop patio space. There will be a pool, fire pit and exterior showers in the backyard area, surrounded by permeable driveway and parking spaces with Electric Vehicle charging stations. Accessory structures for storage and garbage cans will be adjacent to the parking area.",plan signal but mixed/noisy filename | relevant permit scope
6257570,23-06645-NEWC,NEWC,review,70,Foundation Plan 6.3 (RCC stamped).pdf,"Installation of eight(8) temporary, portable, modular classrooms, and related site work; all within the Courtyard of an existing School, Elijah Brimmer, Jr. High School, in order to provide flex space for the relocation of students from existing classrooms during a renovation of the existing school building under a separate permit. The project includes the modular classrooms, wood frame landings, stairs, ramps, and canopies, along with related site work.",plan signal but mixed/noisy filename | relevant permit scope
7299855,24-16993-NEWC,NEWC,review,70,Survey and demo permit set.pdf,"New construction project of a 2 story, 8,250 SF childcare center. All work to be completed as per plans. BFE +0.9 NAVD FOUNDATION RELEASE ISSUED 9-25-24",plan signal but mixed/noisy filename | relevant permit scope
7359897,24-19492-NEWC,NEWC,review,70,"Stamped Plans, RISER ON LAST PAGE_Approved.pdf","New construction of a 1-story 4,525 square foot Large child care center as per plans. -- This request is being submitted under the recently approved child care center CZO regulations approved under Zoning Docket 2/24, where the proposed structure is a permitted use. -- A second building is being constructed on the site (a 2-unit white-box commercial building) and will be submitted under a separate building permit.",plan signal but mixed/noisy filename | relevant permit scope
1056677,12-33496-NEWC,NEWC,review,65,12000 - 2013-12-18 - recorded plans - permit 12-33496-NEWC.pdf,"Construct a 11,824 sq ft 2-story office building with mezzaine level as per plans and Zoning Docket 031-13. (2916 General De Gaulle Drive) Temporary Certiifcate is granted until June 12, 2015, for Phase 1 - 2nd Floor ONLY",generic drawings/plans in relevant permit scope | relevant permit scope
942830,13-07333-NEWC,NEWC,review,65,Plan Review letter2.pdf,"Construct a 2-story 106,931 sq ft high school as per plans. (Edward Livingston School)",generic drawings/plans in relevant permit scope | relevant permit scope
882300,13-08517-NEWC,NEWC,review,65,Pontchartrain Centre Plan Review Ltrs.pdf,Construct a 2-story 4800 sq ft building shell as per plans. No Use or Occupancy. Plans to follow. Each tenant shall apply for separate permit. Signs require a seaparte permit. (Formerly 6054 Pontchartrain Blvd),generic drawings/plans in relevant permit scope | relevant permit scope
952668,13-18408-NEWC,NEWC,review,65,Plan Review letter2.pdf,Construct 1195 sq ft meeting room with kitchen as per plans.,generic drawings/plans in relevant permit scope | relevant permit scope
926984,13-27145-NEWC,NEWC,review,65,ITEM 3 - MULTI-PURPOSE PLAN.pdf,Construct 10265 sq ft addition to 6900 sq ft classroom building at existing school as per plans.,generic drawings/plans in relevant permit scope | relevant permit scope
950257,13-31221-NEWC,NEWC,review,65,Plan Review letter2.pdf,"Construct a 2,400 sq. ft. 1-story community center as per plans.",generic drawings/plans in relevant permit scope | relevant permit scope
941386,13-31750-NEWC,NEWC,review,65,Plan Review letter2.pdf,"Construct a 1-story, 6095 sf Dialysis Facility as per plans.",generic drawings/plans in relevant permit scope | relevant permit scope
971054,13-34561-NEWC,NEWC,review,65,revised plans.pdf,Construct 10386 sq ft 7-unit strip mall [Units A-G] as per plans.,generic drawings/plans in relevant permit scope | relevant permit scope
1373315,13-36463-NEWC,NEWC,review,65,13-36463 scanned plans.pdf,"New construction of a 1,890 s.f. bulk food storage building on existing slab at Convention Center as per plans.",generic drawings/plans in relevant permit scope | relevant permit scope
984778,13-40993-NEWC,NEWC,review,65,COMBINED LAWRENCE DRAWING FILES.pdf,Replacement of the Lawrence Sewerage Pumping Station as per plans and CPC approval of DR 42-11.,generic drawings/plans in relevant permit scope | relevant permit scope
1004342,13-42609-NEWC,NEWC,review,65,COMBINED DODT DRAWING FILES.pdf,Replacement of the Dodt Street Sewage Pumping station as per plans and City Planning approval of Design Review 044-11.,generic drawings/plans in relevant permit scope | relevant permit scope
1455026,13-44416-NEWC,NEWC,review,65,digital plans combined final 4000 Canal St. Construction Docs SEPT 1.pdf,"Construct a 2-story, 6318 sf mixed use building: 2 - ground floor commercial units [4000 & 4004 Canal St] 4 - 2nd floor dwelling units [4002 Canal St Units A, B, C, & D] as per plans and Design Review Docket 033-14",generic drawings/plans in relevant permit scope | relevant permit scope
1074975,14-00711-NEWC,NEWC,review,65,177 Harrison Ave CPC approved drawings.pdf,"Construct a 3-story, 5417sf mix use building(single family dwelling/studio) with attached garage as per plans and City Planning approval.",generic drawings/plans in relevant permit scope | relevant permit scope
1491958,14-14229-NEWC,NEWC,review,65,DEPARTMENT OF SAFETY AND PERMITS Plan Review Comments.pdf,"New construction of 65,354 sq ft, 2 story, 60 bed traumatic brain injury rehabilitation hospital, as per plans, and City Planning Commission approval.",generic drawings/plans in relevant permit scope | relevant permit scope
2002560,15-23784-NEWC,NEWC,review,65,15-1013 Moxy ARC Drawings - Option 1.pdf,Phase 1 for new hotel: clear structures from site to construct new foundation as per plans.,generic drawings/plans in relevant permit scope | relevant permit scope
2561207,15-24128-NEWC,NEWC,review,65,2126 Port St Plan EC-signed.pdf,New construction of a bar per plans.,generic drawings/plans in relevant permit scope | relevant permit scope
2111858,15-32999-NEWC,NEWC,review,65,15-32999-NEWC_Electrical Plan Revisions_1-4-16.pdf,"Construct 3 1-story commercial building shells as per plans, tenant build-out requires a separate permit. 510 N Carrollton: 1960 sq ft 520 N Carrollton: 1960 sq ft 530 N carrollton: 1260 sq ft",generic drawings/plans in relevant permit scope | relevant permit scope
2398984,16-20227-NEWC,NEWC,review,65,1818 Carondelet St revised plot plan.pdf,Construct 7800 sq ft 3-story 3-unit apartment building as per plans.,generic drawings/plans in relevant permit scope | relevant permit scope
2961216,16-29727-NEWC,NEWC,review,65,2017.08.02 email - LLKHarmon re plan review responses (var) -FILE.pdf,"Construct 1680 sq ft 1-story Art Studio (A,B, C, & D) as per plans. Shell only. No use & occupancy. Extend permit 6 months to 1-22-20.",generic drawings/plans in relevant permit scope | relevant permit scope
3694627,16-34101-NEWC,NEWC,review,65,15031_FABC_Paving Plan.pdf,"Construct a 120,000 square foot Baptist Church with a 3,500 seat Auditorium as per plans. 60 days TCO no use of kitchen 11-27-18 to 1-27-19",generic drawings/plans in relevant permit scope | relevant permit scope
2568799,16-38460-NEWC,NEWC,review,65,Historic Infill buildling_100 perc FOR CONSTRUCTION drawings.pdf,"Construct 2,776 sq ft two story building at The NWWII Museum as per plans. Temporary CO issued while fee in lieu payments are made for stormwater compliance. TCO granted for 90 days until 6-23-2018",generic drawings/plans in relevant permit scope | relevant permit scope
2609359,16-39826-NEWC,NEWC,review,65,16-39826-NEWC Waiver for Institutional Master Plan 12.21.16.pdf,"Install Two Modular Classroom Buildings, (State Fire Marshal Decaled, No.'s 001819 and 001820), Pier Foundations, Handicapped Ramp, Fire Alarm, and Temporary Electrical Service as per plans. Trailers to be removed from property no later than May 31, 2018.",generic drawings/plans in relevant permit scope | relevant permit scope
2604437,16-41307-NEWC,NEWC,review,65,Demo Plan.pdf,Install Modular Building for employees of the New Orleans Public Belt Railroad as per plans.,generic drawings/plans in relevant permit scope | relevant permit scope
2738672,17-01458-NEWC,NEWC,review,65,2755 Abundance St. and N.O.- Amendment PLOT PLAN (2).pdf,"New construction of a 480 sf building for storage only of welding tools, as per plans.",generic drawings/plans in relevant permit scope | relevant permit scope
3535457,17-04506-NEWC,NEWC,review,65,SWM PLAN.pdf,Construct 32734 sq ft 6-story mixed use building as per plans: Ground floor - parking and retail unit; 2nd thru 6th floor - 15 dwelling units.,generic drawings/plans in relevant permit scope | relevant permit scope
3021495,17-09904-NEWC,NEWC,review,65,DHH - Hardin Playground - plans approval 09-14-17.pdf,Construct concession & restroom building for Hardin Playground as per plans.,generic drawings/plans in relevant permit scope | relevant permit scope
2755415,17-11056-NEWC,NEWC,review,65,2 SITE PLOT PLAN - Building 2 Highlighted.pdf,Erect 16500 sq ft metal building (Mill & Shop Bldg #2) as per plans.,generic drawings/plans in relevant permit scope | relevant permit scope
2755424,17-11059-NEWC,NEWC,review,65,2 SITE PLOT PLAN - Building 3 Highlighted.pdf,Erect 16500 sq ft metal building (Lighting & Grip Bldg #3) as per plans.,generic drawings/plans in relevant permit scope | relevant permit scope
2909684,17-23103-NEWC,NEWC,review,65,2 SITE PLOT PLAN - Building 4 Highlighted.pdf,Erect 5000 sq ft metal building (Transpo Bldg #4) as per plans.,generic drawings/plans in relevant permit scope | relevant permit scope
3304996,18-08959-NEWC,NEWC,review,65,14601 old gentilly plan.pdf,Construct 1650 sq ft steel building as an addition to existing building as per plans.,generic drawings/plans in relevant permit scope | relevant permit scope
3580541,18-17369-NEWC,NEWC,review,65,Plan-2018-7-10.pdf,New construction of commercial building as per plans.,generic drawings/plans in relevant permit scope | relevant permit scope
3795597,18-33009-NEWC,NEWC,review,65,4001 Tulane Plan Storm Review markup set.pdf,"Construct new commercial strip mall. Shell only. Tenants will fill out their own future permits. Applicant requests SWMP exemption due to impervious surfaces being less the 5,000 SF througn the use of Pervious Concrete for all hard surfaces outside the building envelope. Changed his mind with resubmittal. Etend permit 6 months to 9/10/21. Extend permit (3) 180 days to March 4, 2023.",generic drawings/plans in relevant permit scope | relevant permit scope
4385312,19-17325-NEWC,NEWC,review,65,Irish Bayou C1.1 Drainage Plan.pdf,"Rebuilding of a Truck Stop Casino with convenience store and restaurant that was damaged by fire on May 31, 2018 pursuant to Section 25.3.D of the Comprehensive Zoning Ordinance (August , 2015) . See letter attached.",generic drawings/plans in relevant permit scope | relevant permit scope
5111197,19-21460-NEWC,NEWC,review,65,DR002-20 Stamped Relocation Plan Only - Amended - Approved.pdf,"Relocation of existing 2 story 2,714 sf commercial structure within same lot as per sketch. No occupancy on this permit. Extended to July 31, 2021",generic drawings/plans in relevant permit scope | relevant permit scope
4153713,19-26281-NEWC,NEWC,review,65,Stamped Engineering Plan - 6022 N Claiborne.pdf,New construction of 1-story restaurant as per plans.,generic drawings/plans in relevant permit scope | relevant permit scope
4490536,20-25437-NEWC,NEWC,review,65,DR072-20 Combined plans for approval.pdf,"Installation of Temporary Modular Building for Existing Public (Charter) Elementary School with associated half basketball court and covered walkways, ramps.",generic drawings/plans in relevant permit scope | relevant permit scope
6025588,22-38085-NEWC,NEWC,review,65,2023_0310 - Plan Review Responses_2330 Royal (1).pdf,"Construction of new two-story building within footprint of existing warehouse, including a second story dwelling unit. Ground floor renovation to include a commercial space.",generic drawings/plans in relevant permit scope | relevant permit scope
6392981,23-26116-NEWC,NEWC,review,65,PRC Drawings Approval_427 S Rampart.pdf,RECONSTRUCTION OF DESTROYED HISTORIC BUILDING. CORE AND SHELL; NO USE OR OCCUPANCY THIS PHASE. ALL WORK TO BE DONE AS PER PLANS. FOR FINAL INSPECTION WE NEED A FEMA ELEVATION CERTIFICATE SHOWING THE LOWEST FLOOR ABOVE BFE +2.41 NAVD **FINAL INSPECTION** NEED FEMA ELEVATION CERTIFICATE BFE +2.41 NAVD.,generic drawings/plans in relevant permit scope | relevant permit scope
6508786,23-29773-NEWC,NEWC,review,65,Resub Plan.pdf,"New Construction of a 3-story, 38,442sf multi-family building (Building A). Contains 33 residential units. Associated Permit #20-48157-NEWC covers Building B and the site work. All work to be done as per plans. Stormwater on 3401 St Charles permit X1N5ZC",generic drawings/plans in relevant permit scope | relevant permit scope
7757380,23-32820-NEWC,NEWC,review,65,(UPDATED) 401 Red Allen - 820 Teche Noise Abatement Plan.pdf,"New construction of mixed-use building (commercial, hotel, and residential) as per plans. STORMWATER REVIEW ON THIS PERMIT-JT",generic drawings/plans in relevant permit scope | relevant permit scope
7757377,23-32824-NEWC,NEWC,review,65,(UPDATED) 401 Red Allen - 820 Teche Noise Abatement Plan.pdf,New construction of hotel as per plans.,generic drawings/plans in relevant permit scope | relevant permit scope
7457722,24-22564-NEWC,NEWC,review,65,2501-37 TULANE PLOT PLAN.pdf,"This is an application for DAC review. The project is a one story new construction on a vacant building pad of a development which has previously approved and is currently under construction (Ref. Code: S7YMN1, Permit #24-01393-NEWC). The proposed project is a 3000 SF shell building which will house a dental clinic, to be built out inside the shell building under a separate permit. The parking, landscaping, stormwater management and site lighting are all provided under the original development. (Approved DAC drawings for the original development are included in this submission for reference).",generic drawings/plans in relevant permit scope | relevant permit scope
7851263,24-26685-NEWC,NEWC,review,65,STAMPED 2025-01-16 5023 Magazine Street - Plan Check Comments - E.pdf,"Construction of a new, mixed-use building with white box tenant retail at grade and 5 residential units above grade. OSFM and Design Advisory Committee Reviews have already been completed and are uploaded with the documents. The project will use dry floodproofing.",generic drawings/plans in relevant permit scope | relevant permit scope
8148715,24-26991-NEWC,NEWC,review,65,3000 Lowerline St - Dominican Parking Annex - Operation and Maintenance Plan.pdf,Surface Parking Lot for Dominican High School,generic drawings/plans in relevant permit scope | relevant permit scope
8897923,24-30328-NEWC,NEWC,review,65,"S-100_Foundation Plan-D8571, rev (RCC).pdf","New construction with site work,one floor restaurant with drive thru",generic drawings/plans in relevant permit scope | relevant permit scope
7741049,24-36033-NEWC,NEWC,review,65,2501-37 TULANE PLOT PLAN.pdf,"3,000 sf New Construction shell building for future dental office use. No interior buildout or use associated with this permit. Some site work related to this project is previously approved under permit 24-01393-NEWC. NO OCCUPANCY ON THIS PERMIT - SHELL ONLY",generic drawings/plans in relevant permit scope | relevant permit scope
8400180,25-16986-NEWC,NEWC,review,65,Serenity Lake Retreat - Piling and Deck Plan For Sending.pdf,"Office for RV Park we are wanting to go ahead build the structure to mount and bring in a container office to work in for the proposed RV Park. Container office being built, plumbing and electrical. *INSULATION MATERIALS INSTALLATION MUST MEET THE 2021 ENERGY CODE",generic drawings/plans in relevant permit scope | relevant permit scope
8239255,25-17262-NEWC,NEWC,review,65,4350 General De Gaulle Dr Plan Approval Ltr 2-18-25.pdf,"PROJECT IS A GROUND UP BANK BUILDING SCOPE INCLUDES SITE WORK, EXTERIOR BUILDING COMPONENTS & STRUCTURE, INTERIOR SPACES, NEW FINISHES, PARTITIONS, MECHANICAL, ELECTRICAL, AND PLUMBING EQUIPMENT.SITE WORK INCLUDE PARKING, LANDSCAPE, & CIVIL WORK.",generic drawings/plans in relevant permit scope | relevant permit scope
3948778,19-13299-RNVS,RNVS,review,63,1700 N rampart St - app and floor plan and framing detailes and ccontract.pdf,"Repair damage to store caused by auto accident - repair CMU blocks, repair chainwall, repair window per sketch. See photos in 19-02607-BLDGC. Temporary c/o approved by state fire marshall for 30 days; Till, 20 JUNE 2019",plan signal but mixed/noisy filename | renovation permit
5061512,21-17424-RNVS,RNVS,review,63,city approved plans 19006c.Structural.Permit.05-25-21--.pdf,Partial first floor structural slab infill,plan signal but mixed/noisy filename | renovation permit
5658587,22-18766-RNVS,RNVS,review,63,2022.07.29 - 1001 Dauphine VCC approved structural ties (RCC stamped).pdf,We are requesting permit to put strap and ties on outside wall of building do to slight bulge,plan signal but mixed/noisy filename | renovation permit
5934092,23-01359-RNVS,RNVS,review,63,221107 Mt Olivet - Structural Permit Set.pdf,"This is an Alteration Level 1 of an existing historic building. Work to include modifications to entry doors of small church; replace existing stair with code compliant stairs and iron rails; new siding, paint and trim repair; install lexan protection over windows; repair front wall with new steel frame; misc. sheetrock repairs and painting.",plan signal but mixed/noisy filename | renovation permit
6370623,23-24748-RNVS,RNVS,review,63,HDLC Approved__518 Gravier Masonry Repair and Limited Structural Scope (RCC stamped).pdf,MASONRY REPAIRS/TUCKPOINTING OF EXISTING WALLS. ONLY WORK TO BE COMPLETED IS MASONRY SCOPE TO EXISTING MATERIALS WITH NO NEW OPENINGS. THE ONLY STRUCTURAL WORK IN THIS PHASE IS THE PICAYUNE BUILDING REFRAMING TO SHORE UP THE EXISTING BUILDING. ALL PROPOSED WORK UNDER PERMIT APPLICATION REF: 7V1K73 WILL BE PERMITTED SEPARATELY.,plan signal but mixed/noisy filename | renovation permit
7920110,24-21471-RNVS,RNVS,review,63,Sheet M-1 Mechanical Plan (stamped) 2-15-25 (RCC stamped).pdf,Renovate and extend a vacant building into a hair salon and nail spa as per plan.,plan signal but mixed/noisy filename | renovation permit
8020573,25-09648-RNVS,RNVS,review,63,250312 - St James Church - Structural Permit Set.pdf,"Replacement of church steeple on existing building. Steeple has been prefabricated off-site, and is to be installed using the following attachment methods as specified in the provided structural drawings.",plan signal but mixed/noisy filename | renovation permit
8775009,25-38978-RNVS,RNVS,review,63,623 Orange St ELEC Permit set.pdf,"Repairs and renovations to an existing 1,785 s.f. two story building which includes new electrical, mechanical, plumbing and site work, per CU approval.",plan signal but mixed/noisy filename | renovation permit
1177920,14-11081-NEWC,NEWC,review,55,MC 16 ELECTRICAL PERMIT SET rev1.pdf,Supplement to complete work started under 12-20989-new. Electrical and Mechanical.,plan signal but mixed/noisy filename
5457541,22-10314-NEWC,NEWC,review,55,2022-01-21 5112 Freret Shell Package Permit Set - Electrical.pdf,"THE SCOPE OF WORK IS LIMITED TO THE NEW CONSTRUCTION OF ONE (1) BUILDING TOTALING APPROXIMATELY 7,446 SQ FT. BUILDING TO BE TIMBER STUD FRAMING CONSTRUCTION WITH CONCRETE SLAB AND TIMBER FLOOR AND CEILING ASSEMBLIES.",plan signal but mixed/noisy filename
5722385,22-26784-NEWC,NEWC,review,55,"01_Salon Permit_compiled Consultants (civil, structural, MEP)_9-4-22 - 34 shts (RCC stamped).pdf",New construction on a vacant lot for a hair salon and 2 residential apartments.,plan signal but mixed/noisy filename
5763462,22-28596-NEWC,NEWC,review,55,2022-08-29 MHB BNB 100 CD Set - Electrical.pdf,Rebuild of the existing Bed & Breakfast destroyed by Hurricane Ida back in August 2021.,plan signal but mixed/noisy filename
6462103,23-08653-NEWC,NEWC,review,55,1660 N Roman TBS - CIVIL Permit Set 30 OCT 23.pdf,"Construction of a two-story community center utilizing containers. The building will measure approximately 2,032 square feet.",plan signal but mixed/noisy filename
8773255,23-33648-NEWC,NEWC,review,55,AA2216_Pleasant-Toledano Permit Set - MEP sm.pdf,New construction of 13 townhouses and 1 mixed-use building. *FINAL INSPECTION* FEMA EC BFE +10.3 NAVD,plan signal but mixed/noisy filename
6839920,24-10429-NEWC,NEWC,review,55,Z_2045 N Rocheblave St PERMIT SET 03-25-24 SURVEY ON PAGE 2.pdf,"Two-story annex building for United Fellowship Gospel Baptist Church. Hardie siding & shingle roof, ADA ramp entrance. Built according to submitted plans.",plan signal but mixed/noisy filename
7505624,24-26157-NEWC,NEWC,review,55,SURVEY ON PAGE 4 NEW ORLEANS LA ISSUE FOR PERMIT SET 1.pdf,TAKE 5 OIL CHANGE FACILITY/ 2 BAY,plan signal but mixed/noisy filename
7853482,25-02105-NEWC,NEWC,review,55,UPS New Orleans MDC - Permit Set - Electrical - 25-0117 (RCC).pdf,"Installation of a temporary modular building, including utility connections. There will be minor revisions to striping within existing pavement, as well as a very small amount of additional paving. *The addtional paving will require storwater management or waiver prior to obtaining a C/O*",plan signal but mixed/noisy filename
8530236,25-27782-NEWC,NEWC,review,55,2256 Baronne Mechanical Permit Set 09-10-25.pdf,"New Construction of multi-family affordable housing building on vacant lot. Steel stud framing on raised slab construction. New parking lot, site work and landscaping.",plan signal but mixed/noisy filename
